shipment_id,destination_city,carrier,risk_score,high_risk
SHP-100936,Calgary AB,PrairieLine,0.9270318696839078,True
SHP-103230,Regina SK,Contract Owner-Op,0.8946668133944918,True
SHP-102910,Edmonton AB,QuebecExpress,0.8916315778274676,True
SHP-103300,Winnipeg MB,NorthStar Carriers,0.8873937902061325,True
SHP-105927,Calgary AB,QuebecExpress,0.885775206284373,True
SHP-100273,Hamilton ON,NorthStar Carriers,0.8685949214381696,True
SHP-104995,Winnipeg MB,NorthStar Carriers,0.8586438081571647,True
SHP-105511,Ottawa ON,NorthStar Carriers,0.8462026521211654,True
SHP-101710,Sudbury ON,MapleFreight Fleet,0.8425245631707564,True
SHP-105655,Calgary AB,NorthStar Carriers,0.8404010923772501,True
SHP-103117,Regina SK,QuebecExpress,0.8325790341359866,True
SHP-101673,Sudbury ON,Contract Owner-Op,0.8232447329448266,True
SHP-103708,Winnipeg MB,PrairieLine,0.8077349899464386,True
SHP-105128,Quebec City QC,QuebecExpress,0.8000183151611836,True
SHP-104333,Calgary AB,PrairieLine,0.7969926345808839,True
SHP-103631,Winnipeg MB,NorthStar Carriers,0.7908006379972427,True
SHP-101974,Ottawa ON,Contract Owner-Op,0.7818525929776948,True
SHP-104162,Quebec City QC,PrairieLine,0.7757243102101872,True
SHP-104476,Hamilton ON,QuebecExpress,0.7744862041646479,True
SHP-100328,Winnipeg MB,NorthStar Carriers,0.7724769219545292,True
SHP-103682,Quebec City QC,PrairieLine,0.7552267754078686,True
SHP-102207,Calgary AB,PrairieLine,0.7498540561213435,True
SHP-102491,Toronto ON,NorthStar Carriers,0.747198709888111,True
SHP-101017,Sudbury ON,Contract Owner-Op,0.738549874027361,True
SHP-100268,Calgary AB,MapleFreight Fleet,0.7302155055372852,True
SHP-103101,Quebec City QC,MapleFreight Fleet,0.7254151882814929,True
SHP-101757,Sudbury ON,QuebecExpress,0.7250567801530631,True
SHP-102319,Montreal QC,PrairieLine,0.7245000822756292,True
SHP-103584,Regina SK,Contract Owner-Op,0.7217699677324266,True
SHP-102923,Regina SK,Contract Owner-Op,0.7197039358053217,True
SHP-102507,Toronto ON,NorthStar Carriers,0.7181754608548513,True
SHP-100183,Montreal QC,Contract Owner-Op,0.7178877613396392,True
SHP-103335,Sudbury ON,MapleFreight Fleet,0.716684218329768,True
SHP-104239,Regina SK,PrairieLine,0.707009556695846,True
SHP-101242,Ottawa ON,Contract Owner-Op,0.7065009224155404,True
SHP-101922,Sudbury ON,NorthStar Carriers,0.6983671914732751,True
SHP-100485,Quebec City QC,QuebecExpress,0.6877103638423822,True
SHP-103743,Toronto ON,QuebecExpress,0.686547181289409,True
SHP-102287,Regina SK,MapleFreight Fleet,0.6844877240055811,True
SHP-104392,Edmonton AB,NorthStar Carriers,0.68219133064605,True
SHP-101015,Edmonton AB,PrairieLine,0.6815458662855368,True
SHP-102476,Montreal QC,QuebecExpress,0.6810431850761821,True
SHP-101742,Montreal QC,MapleFreight Fleet,0.680369595607578,True
SHP-105688,Winnipeg MB,NorthStar Carriers,0.678446948396403,True
SHP-104479,Sudbury ON,QuebecExpress,0.6781028937517322,True
SHP-102139,Calgary AB,MapleFreight Fleet,0.6765380890385604,True
SHP-102378,Sudbury ON,Contract Owner-Op,0.6751352078010967,True
SHP-104759,Regina SK,QuebecExpress,0.6720582729767423,True
SHP-100897,Sudbury ON,Contract Owner-Op,0.6689154106625427,True
SHP-101828,Quebec City QC,Contract Owner-Op,0.6593422737702479,True
SHP-102665,Regina SK,Contract Owner-Op,0.658208436265583,True
SHP-104554,Sudbury ON,Contract Owner-Op,0.6562835449028172,True
SHP-105622,Calgary AB,QuebecExpress,0.6543747872130791,True
SHP-103495,Toronto ON,Contract Owner-Op,0.6489296179755809,True
SHP-105601,Calgary AB,NorthStar Carriers,0.6476540193534147,True
SHP-105400,Montreal QC,NorthStar Carriers,0.6463842532413766,True
SHP-100303,Calgary AB,MapleFreight Fleet,0.6429063962374076,True
SHP-102163,Sudbury ON,NorthStar Carriers,0.6426534573404865,True
SHP-103650,Toronto ON,PrairieLine,0.6423501078886039,True
SHP-104727,Edmonton AB,PrairieLine,0.6418637282258617,True
SHP-104192,Quebec City QC,Contract Owner-Op,0.6312149910087825,True
SHP-105216,Edmonton AB,QuebecExpress,0.6297883020771626,True
SHP-102374,Montreal QC,MapleFreight Fleet,0.6216040009259484,True
SHP-103395,Ottawa ON,PrairieLine,0.6215518849607728,True
SHP-101166,Winnipeg MB,QuebecExpress,0.620922098057996,True
SHP-100780,Regina SK,Contract Owner-Op,0.6183700423552329,True
SHP-101990,Toronto ON,QuebecExpress,0.6131938676339367,True
SHP-103607,Quebec City QC,QuebecExpress,0.6027673440494752,True
SHP-102510,Winnipeg MB,PrairieLine,0.5975564834078004,True
SHP-101438,Montreal QC,Contract Owner-Op,0.5918034386036427,True
SHP-101252,Hamilton ON,PrairieLine,0.5884707581248921,True
SHP-105497,Calgary AB,PrairieLine,0.5882533058865008,True
SHP-102114,Montreal QC,Contract Owner-Op,0.5874101835036311,True
SHP-103186,Hamilton ON,NorthStar Carriers,0.585143336633899,True
SHP-100099,Edmonton AB,PrairieLine,0.5837179782502274,True
SHP-103808,Edmonton AB,Contract Owner-Op,0.582419112024661,True
SHP-100250,Sudbury ON,PrairieLine,0.5798415386793748,True
SHP-100204,Edmonton AB,PrairieLine,0.5760728739685338,True
SHP-101051,Hamilton ON,MapleFreight Fleet,0.5685300032030133,True
SHP-100912,Calgary AB,MapleFreight Fleet,0.567261731879562,True
SHP-104862,Sudbury ON,QuebecExpress,0.565276765025508,True
SHP-105875,Montreal QC,QuebecExpress,0.5584360341877406,True
SHP-102216,Ottawa ON,NorthStar Carriers,0.5520762232071182,True
SHP-103160,Calgary AB,NorthStar Carriers,0.5509458352855655,True
SHP-105461,Quebec City QC,Contract Owner-Op,0.5475465156348333,True
SHP-105681,Montreal QC,QuebecExpress,0.5433811828101923,True
SHP-103722,Edmonton AB,MapleFreight Fleet,0.5433490499011254,True
SHP-103481,Edmonton AB,QuebecExpress,0.5423069933501278,True
SHP-105492,Toronto ON,QuebecExpress,0.5393809352793403,True
SHP-102255,Hamilton ON,PrairieLine,0.536324677305589,True
SHP-102567,Quebec City QC,QuebecExpress,0.534946325659536,True
SHP-102871,Sudbury ON,PrairieLine,0.5334397655840352,True
SHP-100911,Winnipeg MB,NorthStar Carriers,0.533396996308713,True
SHP-103656,Hamilton ON,MapleFreight Fleet,0.5313879267587225,True
SHP-103669,Edmonton AB,QuebecExpress,0.5303097389572985,True
SHP-103891,Hamilton ON,MapleFreight Fleet,0.530006264264877,True
SHP-103250,Hamilton ON,PrairieLine,0.5292538462210502,True
SHP-104101,Toronto ON,QuebecExpress,0.526931148165108,True
SHP-105963,Ottawa ON,PrairieLine,0.5268185438446783,True
SHP-101250,Edmonton AB,QuebecExpress,0.525316949586176,True
SHP-103674,Ottawa ON,Contract Owner-Op,0.5223837546236455,True
SHP-103794,Quebec City QC,Contract Owner-Op,0.5198873298852383,True
SHP-105326,Winnipeg MB,MapleFreight Fleet,0.5195533170451662,True
SHP-101182,Montreal QC,QuebecExpress,0.5168296487628591,True
SHP-104322,Toronto ON,PrairieLine,0.5156678077475502,True
SHP-104085,Toronto ON,QuebecExpress,0.5153623477431419,True
SHP-105832,Sudbury ON,QuebecExpress,0.5140321337664795,True
SHP-102409,Edmonton AB,NorthStar Carriers,0.5137472837848153,True
SHP-103774,Hamilton ON,PrairieLine,0.5136489605750223,True
SHP-100266,Regina SK,MapleFreight Fleet,0.5133111646975116,True
SHP-103012,Hamilton ON,NorthStar Carriers,0.5124278270937115,True
SHP-103131,Sudbury ON,Contract Owner-Op,0.5081665930482895,True
SHP-102668,Calgary AB,MapleFreight Fleet,0.5045025130069782,True
SHP-102356,Winnipeg MB,Contract Owner-Op,0.49906323125389845,True
SHP-101833,Toronto ON,MapleFreight Fleet,0.4971495481122177,True
SHP-105143,Winnipeg MB,QuebecExpress,0.4967948845803399,True
SHP-104751,Sudbury ON,PrairieLine,0.4944286471724224,True
SHP-104460,Ottawa ON,PrairieLine,0.49352146573573913,True
SHP-104143,Sudbury ON,MapleFreight Fleet,0.4924765395668735,True
SHP-101273,Edmonton AB,MapleFreight Fleet,0.48887594042848054,True
SHP-100778,Toronto ON,NorthStar Carriers,0.48750986385169587,True
SHP-102732,Toronto ON,PrairieLine,0.48722527592373616,True
SHP-104938,Ottawa ON,MapleFreight Fleet,0.48610196267576616,True
SHP-101735,Ottawa ON,PrairieLine,0.48566001792354213,True
SHP-105590,Regina SK,MapleFreight Fleet,0.48019623388358684,True
SHP-102795,Winnipeg MB,Contract Owner-Op,0.4794888419906709,True
SHP-102526,Sudbury ON,PrairieLine,0.4788199726365856,True
SHP-103860,Regina SK,NorthStar Carriers,0.47853321844078334,True
SHP-102682,Calgary AB,QuebecExpress,0.4750519982243094,True
SHP-103289,Edmonton AB,QuebecExpress,0.469692937768964,True
SHP-100372,Sudbury ON,PrairieLine,0.4683851164525614,True
SHP-103617,Regina SK,PrairieLine,0.4661373021214316,True
SHP-102126,Quebec City QC,PrairieLine,0.46441733281215347,True
SHP-104600,Winnipeg MB,QuebecExpress,0.46386615447482304,True
SHP-100123,Montreal QC,NorthStar Carriers,0.46359168897363706,True
SHP-103391,Edmonton AB,NorthStar Carriers,0.46250900921683397,True
SHP-101598,Sudbury ON,NorthStar Carriers,0.46207626259438844,True
SHP-105771,Winnipeg MB,MapleFreight Fleet,0.46093521718421265,True
SHP-102331,Winnipeg MB,MapleFreight Fleet,0.45986395936995605,True
SHP-102930,Ottawa ON,Contract Owner-Op,0.45956641016261085,True
SHP-105859,Ottawa ON,MapleFreight Fleet,0.4593241323120103,True
SHP-104299,Montreal QC,QuebecExpress,0.45800576177634555,True
SHP-100866,Regina SK,PrairieLine,0.45123242796907187,True
SHP-105517,Calgary AB,PrairieLine,0.45086717802232307,True
SHP-103737,Regina SK,MapleFreight Fleet,0.45040417521208814,True
SHP-104190,Quebec City QC,PrairieLine,0.4503301412912877,True
SHP-105714,Montreal QC,Contract Owner-Op,0.44980463485851746,True
SHP-104407,Sudbury ON,Contract Owner-Op,0.4487510951197911,True
SHP-104205,Edmonton AB,MapleFreight Fleet,0.44735170839763333,True
SHP-103352,Ottawa ON,QuebecExpress,0.4466825372907787,True
SHP-101022,Sudbury ON,MapleFreight Fleet,0.44664565287913005,True
SHP-105228,Quebec City QC,Contract Owner-Op,0.4418033038924427,True
SHP-103301,Sudbury ON,PrairieLine,0.4410592385165546,True
SHP-103139,Montreal QC,QuebecExpress,0.44008138640345335,True
SHP-101945,Winnipeg MB,MapleFreight Fleet,0.43954641645328213,True
SHP-103366,Sudbury ON,MapleFreight Fleet,0.4362989779505459,True
SHP-102901,Calgary AB,NorthStar Carriers,0.43579360052676713,True
SHP-104691,Ottawa ON,PrairieLine,0.43568759408353047,True
SHP-103022,Regina SK,Contract Owner-Op,0.4335471419751604,True
SHP-102691,Sudbury ON,QuebecExpress,0.43071355362560176,True
SHP-104393,Calgary AB,QuebecExpress,0.4300250273085058,True
SHP-104703,Montreal QC,PrairieLine,0.4281269587744851,True
SHP-100995,Winnipeg MB,MapleFreight Fleet,0.4269470154264048,True
SHP-101134,Hamilton ON,NorthStar Carriers,0.4247166359589795,True
SHP-104105,Toronto ON,Contract Owner-Op,0.4231796960373581,True
SHP-101749,Quebec City QC,PrairieLine,0.4221012567407223,True
SHP-102199,Sudbury ON,PrairieLine,0.4197528059306396,True
SHP-102608,Montreal QC,QuebecExpress,0.4188507296975803,True
SHP-103146,Sudbury ON,Contract Owner-Op,0.41860248500248903,True
SHP-104700,Quebec City QC,NorthStar Carriers,0.4176804879854454,True
SHP-105770,Edmonton AB,MapleFreight Fleet,0.4155499917183418,True
SHP-105656,Calgary AB,MapleFreight Fleet,0.41335222903018237,True
SHP-105443,Quebec City QC,NorthStar Carriers,0.4132329931835193,True
SHP-105836,Sudbury ON,Contract Owner-Op,0.4121865255687949,True
SHP-104860,Hamilton ON,Contract Owner-Op,0.4059962226642953,True
SHP-101206,Sudbury ON,QuebecExpress,0.4042061529202197,True
SHP-101425,Hamilton ON,Contract Owner-Op,0.4036842387409623,True
SHP-100631,Edmonton AB,PrairieLine,0.4033018822752053,True
SHP-102182,Montreal QC,MapleFreight Fleet,0.4024559807449169,True
SHP-103311,Montreal QC,Contract Owner-Op,0.4022264727919274,True
SHP-100326,Edmonton AB,QuebecExpress,0.4013522047611931,True
SHP-102684,Calgary AB,NorthStar Carriers,0.39930566895354325,True
SHP-103922,Hamilton ON,Contract Owner-Op,0.39696988235928804,True
SHP-105891,Toronto ON,NorthStar Carriers,0.3963693651569316,True
SHP-102617,Quebec City QC,MapleFreight Fleet,0.3929012644176087,True
SHP-104742,Regina SK,MapleFreight Fleet,0.3925812873043975,True
SHP-103341,Montreal QC,NorthStar Carriers,0.39154486713711534,True
SHP-101092,Toronto ON,Contract Owner-Op,0.38991005496554404,True
SHP-105921,Quebec City QC,QuebecExpress,0.38802961344143067,True
SHP-102587,Quebec City QC,PrairieLine,0.38294840570593575,True
SHP-101002,Ottawa ON,Contract Owner-Op,0.3817576990806552,True
SHP-104246,Regina SK,QuebecExpress,0.3814922971840408,True
SHP-101625,Sudbury ON,MapleFreight Fleet,0.3799850868704085,True
SHP-105193,Winnipeg MB,Contract Owner-Op,0.3785239110838751,True
SHP-104275,Montreal QC,MapleFreight Fleet,0.378463351473117,True
SHP-100593,Toronto ON,QuebecExpress,0.3783086956379564,True
SHP-101956,Ottawa ON,MapleFreight Fleet,0.37821571523946607,True
SHP-101951,Ottawa ON,Contract Owner-Op,0.3773694062206428,True
SHP-100784,Regina SK,NorthStar Carriers,0.3740790780966044,True
SHP-103145,Calgary AB,QuebecExpress,0.3737935115218822,True
SHP-101634,Regina SK,MapleFreight Fleet,0.3732056988614458,True
SHP-103699,Calgary AB,MapleFreight Fleet,0.37293919469068043,True
SHP-100029,Toronto ON,Contract Owner-Op,0.37212730377422254,True
SHP-101177,Edmonton AB,PrairieLine,0.3718349101708958,True
SHP-101485,Toronto ON,PrairieLine,0.37119253536922797,True
SHP-105944,Edmonton AB,NorthStar Carriers,0.3674933777040066,True
SHP-105250,Quebec City QC,Contract Owner-Op,0.3668315263021822,True
SHP-100069,Ottawa ON,QuebecExpress,0.3664947274685229,True
SHP-100249,Toronto ON,PrairieLine,0.36585770770255355,True
SHP-100384,Regina SK,MapleFreight Fleet,0.36175012668768786,True
SHP-102516,Regina SK,MapleFreight Fleet,0.36136056851255355,True
SHP-103433,Quebec City QC,PrairieLine,0.3602093250615259,True
SHP-103499,Toronto ON,PrairieLine,0.3595258096112517,True
SHP-105319,Ottawa ON,Contract Owner-Op,0.35837903544996136,True
SHP-103907,Regina SK,NorthStar Carriers,0.35637565307218216,True
SHP-101903,Sudbury ON,NorthStar Carriers,0.35589500160002413,True
SHP-104668,Montreal QC,MapleFreight Fleet,0.35470005216047107,True
SHP-102502,Edmonton AB,MapleFreight Fleet,0.35326988925468017,True
SHP-103943,Hamilton ON,QuebecExpress,0.3523099712381022,True
SHP-103510,Winnipeg MB,MapleFreight Fleet,0.3514302159384617,True
SHP-102530,Quebec City QC,NorthStar Carriers,0.3514236151857965,True
SHP-100902,Hamilton ON,NorthStar Carriers,0.35126424220169916,True
SHP-104863,Quebec City QC,Contract Owner-Op,0.3502497713810084,True
SHP-104770,Ottawa ON,PrairieLine,0.3485781231735823,True
SHP-102241,Regina SK,PrairieLine,0.3453181375566576,True
SHP-102381,Montreal QC,NorthStar Carriers,0.3450928750668347,True
SHP-101126,Toronto ON,MapleFreight Fleet,0.34477386432131496,True
SHP-104543,Edmonton AB,NorthStar Carriers,0.34438812822970727,True
SHP-103372,Winnipeg MB,MapleFreight Fleet,0.3442128726649701,True
SHP-101379,Toronto ON,MapleFreight Fleet,0.3415450351346861,True
SHP-100639,Regina SK,NorthStar Carriers,0.3414142633156003,True
SHP-104800,Montreal QC,MapleFreight Fleet,0.34069724213747615,True
SHP-104486,Edmonton AB,NorthStar Carriers,0.34035938911221036,True
SHP-105550,Montreal QC,MapleFreight Fleet,0.3392146952994431,True
SHP-100997,Edmonton AB,MapleFreight Fleet,0.3391652981583395,True
SHP-105098,Winnipeg MB,PrairieLine,0.33875744684252035,True
SHP-100233,Calgary AB,PrairieLine,0.3380466319399913,True
SHP-100562,Montreal QC,NorthStar Carriers,0.3377269213773977,True
SHP-102841,Calgary AB,Contract Owner-Op,0.3361751331939868,True
SHP-105281,Winnipeg MB,PrairieLine,0.3357057994100669,True
SHP-105758,Calgary AB,PrairieLine,0.3356070899994463,True
SHP-105984,Edmonton AB,MapleFreight Fleet,0.33548809749057823,True
SHP-103237,Calgary AB,NorthStar Carriers,0.3346636088772725,True
SHP-104403,Regina SK,QuebecExpress,0.3334697997122582,True
SHP-101954,Hamilton ON,NorthStar Carriers,0.332922116475079,True
SHP-105743,Edmonton AB,Contract Owner-Op,0.33276013754487715,True
SHP-101658,Calgary AB,MapleFreight Fleet,0.3295617801248644,True
SHP-103348,Regina SK,Contract Owner-Op,0.32739965743361665,True
SHP-104077,Winnipeg MB,MapleFreight Fleet,0.32630088514402183,True
SHP-104023,Hamilton ON,PrairieLine,0.32592616332354307,True
SHP-101610,Winnipeg MB,NorthStar Carriers,0.3245856835121148,True
SHP-103120,Quebec City QC,MapleFreight Fleet,0.3243733422361416,True
SHP-102770,Edmonton AB,Contract Owner-Op,0.324291545469455,True
SHP-103759,Regina SK,NorthStar Carriers,0.3234662999164944,True
SHP-103244,Hamilton ON,PrairieLine,0.322426413610113,True
SHP-104126,Regina SK,Contract Owner-Op,0.32222126455574135,True
SHP-103637,Calgary AB,QuebecExpress,0.3218725502951984,True
SHP-100882,Calgary AB,NorthStar Carriers,0.3213236264525193,True
SHP-101024,Edmonton AB,NorthStar Carriers,0.3212627719059453,True
SHP-104670,Quebec City QC,PrairieLine,0.3212255826344719,True
SHP-104894,Regina SK,NorthStar Carriers,0.32056788469934,True
SHP-102834,Calgary AB,MapleFreight Fleet,0.32002557189277286,True
SHP-100571,Calgary AB,Contract Owner-Op,0.31849470477399633,True
SHP-104406,Calgary AB,NorthStar Carriers,0.31770574183364036,True
SHP-100577,Sudbury ON,MapleFreight Fleet,0.317232152287425,True
SHP-100576,Calgary AB,PrairieLine,0.3167700951397154,True
SHP-104307,Montreal QC,Contract Owner-Op,0.3162153059490726,True
SHP-100203,Edmonton AB,Contract Owner-Op,0.3156523324711764,True
SHP-105211,Edmonton AB,Contract Owner-Op,0.315057037424874,True
SHP-105653,Sudbury ON,Contract Owner-Op,0.3136442337393752,True
SHP-103445,Calgary AB,MapleFreight Fleet,0.3136407635680836,True
SHP-103524,Quebec City QC,QuebecExpress,0.3128087202457632,True
SHP-103588,Ottawa ON,PrairieLine,0.31260092664085165,True
SHP-102808,Toronto ON,MapleFreight Fleet,0.3093263614607139,True
SHP-101390,Edmonton AB,QuebecExpress,0.309248099377507,True
SHP-105253,Calgary AB,MapleFreight Fleet,0.3086822553397284,True
SHP-101664,Calgary AB,QuebecExpress,0.30785297090518765,True
SHP-100124,Edmonton AB,MapleFreight Fleet,0.307213696316142,True
SHP-104296,Toronto ON,QuebecExpress,0.3069598278959559,True
SHP-100965,Toronto ON,PrairieLine,0.3056775255338276,True
SHP-100557,Hamilton ON,NorthStar Carriers,0.30565941889524667,True
SHP-104265,Toronto ON,MapleFreight Fleet,0.30547486078178926,True
SHP-105309,Sudbury ON,PrairieLine,0.3046646670973217,True
SHP-105040,Montreal QC,NorthStar Carriers,0.3040915341121982,True
SHP-104365,Montreal QC,MapleFreight Fleet,0.303334650164625,True
SHP-102548,Quebec City QC,PrairieLine,0.30200616965432586,True
SHP-105333,Winnipeg MB,NorthStar Carriers,0.299603401553894,True
SHP-105243,Hamilton ON,NorthStar Carriers,0.2987494546594324,True
SHP-104071,Edmonton AB,Contract Owner-Op,0.29832372516458755,True
SHP-102100,Toronto ON,PrairieLine,0.2983120076294262,True
SHP-105287,Quebec City QC,NorthStar Carriers,0.2959317270652315,True
SHP-102078,Regina SK,MapleFreight Fleet,0.295290462988334,True
SHP-101310,Edmonton AB,MapleFreight Fleet,0.2939466172616489,True
SHP-101806,Toronto ON,PrairieLine,0.293214288644527,True
SHP-105705,Hamilton ON,Contract Owner-Op,0.2922551176812839,True
SHP-104872,Regina SK,NorthStar Carriers,0.2916372496061298,True
SHP-102985,Quebec City QC,MapleFreight Fleet,0.2913931512741678,True
SHP-105752,Toronto ON,QuebecExpress,0.29098640603787734,True
SHP-104568,Toronto ON,MapleFreight Fleet,0.28879719098405104,True
SHP-102147,Edmonton AB,Contract Owner-Op,0.2881752800241458,True
SHP-102437,Ottawa ON,PrairieLine,0.2878640282411837,True
SHP-104427,Edmonton AB,PrairieLine,0.28756217801710493,True
SHP-103755,Toronto ON,QuebecExpress,0.28560216255781384,True
SHP-102135,Hamilton ON,MapleFreight Fleet,0.28559000875574236,True
SHP-100729,Montreal QC,MapleFreight Fleet,0.2848819246299958,True
SHP-101707,Quebec City QC,NorthStar Carriers,0.2845113909556714,True
SHP-101034,Montreal QC,PrairieLine,0.2837457006812422,True
SHP-105549,Edmonton AB,QuebecExpress,0.2834797956672011,True
SHP-105049,Hamilton ON,PrairieLine,0.282854697947023,True
SHP-104414,Sudbury ON,QuebecExpress,0.28217163869196654,True
SHP-101391,Sudbury ON,Contract Owner-Op,0.28191297114404756,True
SHP-104400,Hamilton ON,Contract Owner-Op,0.2810342100761038,True
SHP-100322,Quebec City QC,QuebecExpress,0.2808714074055155,True
SHP-104756,Sudbury ON,MapleFreight Fleet,0.2800410429671884,True
SHP-104689,Regina SK,MapleFreight Fleet,0.2799470423552568,True
SHP-105285,Sudbury ON,MapleFreight Fleet,0.27861164448116993,True
SHP-103875,Ottawa ON,NorthStar Carriers,0.27823485853446667,True
SHP-102540,Sudbury ON,NorthStar Carriers,0.2780365993897281,True
SHP-103003,Montreal QC,MapleFreight Fleet,0.2775001463507525,True
SHP-101565,Edmonton AB,Contract Owner-Op,0.27731845297865987,True
SHP-104111,Calgary AB,MapleFreight Fleet,0.27693276887671575,True
SHP-105203,Winnipeg MB,Contract Owner-Op,0.27676477520970955,True
SHP-101618,Edmonton AB,Contract Owner-Op,0.27630812598011273,True
SHP-104176,Sudbury ON,NorthStar Carriers,0.275473536148856,True
SHP-103773,Calgary AB,PrairieLine,0.2747756697622094,True
SHP-105718,Calgary AB,QuebecExpress,0.2744338891872116,True
SHP-100451,Edmonton AB,MapleFreight Fleet,0.2734043695236476,True
SHP-103915,Ottawa ON,PrairieLine,0.27289515888451626,True
SHP-105790,Edmonton AB,NorthStar Carriers,0.2728425030782416,True
SHP-103552,Hamilton ON,NorthStar Carriers,0.27227827464148036,True
SHP-101478,Ottawa ON,MapleFreight Fleet,0.27214309969088435,True
SHP-100305,Edmonton AB,Contract Owner-Op,0.27199667257864923,True
SHP-105148,Edmonton AB,MapleFreight Fleet,0.27162263287098215,True
SHP-100112,Ottawa ON,Contract Owner-Op,0.27129063532282577,True
SHP-102454,Sudbury ON,QuebecExpress,0.2709689251800668,True
SHP-103709,Hamilton ON,NorthStar Carriers,0.2702177916701008,True
SHP-102863,Calgary AB,QuebecExpress,0.2688944104326291,True
SHP-102661,Edmonton AB,MapleFreight Fleet,0.2677402303465394,True
SHP-100820,Winnipeg MB,PrairieLine,0.26553281666012,True
SHP-104690,Regina SK,Contract Owner-Op,0.26512015136190836,True
SHP-100075,Hamilton ON,Contract Owner-Op,0.2641601370995656,True
SHP-100053,Regina SK,Contract Owner-Op,0.26398414917763047,True
SHP-102807,Montreal QC,MapleFreight Fleet,0.2628138606322396,True
SHP-103886,Sudbury ON,MapleFreight Fleet,0.26243681772121485,True
SHP-104399,Hamilton ON,PrairieLine,0.26166478512791014,True
SHP-102940,Winnipeg MB,QuebecExpress,0.26115078005199427,True
SHP-104096,Winnipeg MB,Contract Owner-Op,0.2577339485872138,True
SHP-105218,Hamilton ON,MapleFreight Fleet,0.2575735636057996,True
SHP-100399,Ottawa ON,Contract Owner-Op,0.25677993300901597,True
SHP-104500,Regina SK,NorthStar Carriers,0.25537293474220313,True
SHP-102442,Montreal QC,PrairieLine,0.255139636662546,True
SHP-102903,Sudbury ON,NorthStar Carriers,0.25453922998556094,True
SHP-104719,Calgary AB,Contract Owner-Op,0.2543620156996136,True
SHP-105487,Winnipeg MB,PrairieLine,0.25398558988760384,True
SHP-104816,Hamilton ON,Contract Owner-Op,0.2537626968002658,True
SHP-102773,Hamilton ON,PrairieLine,0.2531532262985335,True
SHP-104919,Sudbury ON,Contract Owner-Op,0.2521351620776437,True
SHP-101898,Calgary AB,NorthStar Carriers,0.25176273116927733,True
SHP-101737,Winnipeg MB,MapleFreight Fleet,0.2508965707693102,True
SHP-102816,Quebec City QC,MapleFreight Fleet,0.25026648677942703,True
SHP-102143,Quebec City QC,MapleFreight Fleet,0.25008898032430565,True
SHP-103576,Winnipeg MB,Contract Owner-Op,0.24832340309752476,True
SHP-102481,Ottawa ON,QuebecExpress,0.2482013594609771,True
SHP-105932,Toronto ON,Contract Owner-Op,0.24791409981224363,True
SHP-104057,Regina SK,MapleFreight Fleet,0.2471172782861133,True
SHP-102853,Regina SK,PrairieLine,0.2454118660721701,True
SHP-100426,Regina SK,MapleFreight Fleet,0.24530155829616226,True
SHP-103532,Toronto ON,PrairieLine,0.24504015607300123,True
SHP-105999,Ottawa ON,NorthStar Carriers,0.24364320500882752,True
SHP-104172,Sudbury ON,PrairieLine,0.24235207186795749,True
SHP-103011,Montreal QC,QuebecExpress,0.24080865270656115,True
SHP-100900,Regina SK,NorthStar Carriers,0.24022661481900429,True
SHP-105477,Sudbury ON,PrairieLine,0.23975730491875238,True
SHP-101920,Calgary AB,NorthStar Carriers,0.23873994213941574,True
SHP-105506,Winnipeg MB,Contract Owner-Op,0.2386238806590316,True
SHP-102407,Hamilton ON,Contract Owner-Op,0.23846949314181462,True
SHP-101127,Ottawa ON,Contract Owner-Op,0.23826236170679552,True
SHP-104715,Winnipeg MB,NorthStar Carriers,0.2378707356741674,True
SHP-100754,Regina SK,MapleFreight Fleet,0.2373586325010477,True
SHP-103548,Calgary AB,Contract Owner-Op,0.2367804227191547,True
SHP-102657,Ottawa ON,MapleFreight Fleet,0.23592184314949674,True
SHP-104046,Edmonton AB,QuebecExpress,0.23491866217711888,True
SHP-101074,Edmonton AB,QuebecExpress,0.23464538194058315,True
SHP-100170,Quebec City QC,QuebecExpress,0.23415578122263092,True
SHP-102015,Sudbury ON,MapleFreight Fleet,0.23413491006711742,True
SHP-103386,Edmonton AB,MapleFreight Fleet,0.23095117605413296,True
SHP-103718,Regina SK,NorthStar Carriers,0.23076431529712008,True
SHP-105456,Montreal QC,Contract Owner-Op,0.2297422687468922,True
SHP-104548,Sudbury ON,MapleFreight Fleet,0.22845254258873374,True
SHP-104375,Ottawa ON,MapleFreight Fleet,0.22838196205704883,True
SHP-101487,Regina SK,Contract Owner-Op,0.22808054204777428,True
SHP-102912,Winnipeg MB,MapleFreight Fleet,0.22800771844050116,True
SHP-103442,Hamilton ON,PrairieLine,0.22797886087722422,True
SHP-101302,Sudbury ON,QuebecExpress,0.2279573670118178,True
SHP-101392,Toronto ON,PrairieLine,0.22764376214975704,True
SHP-104383,Regina SK,Contract Owner-Op,0.2275732977528253,True
SHP-104584,Montreal QC,PrairieLine,0.2263025639470322,True
SHP-103817,Montreal QC,QuebecExpress,0.22601521555535778,True
SHP-103716,Ottawa ON,NorthStar Carriers,0.2249557662368035,True
SHP-101197,Winnipeg MB,PrairieLine,0.22484423382087096,True
SHP-102358,Toronto ON,PrairieLine,0.2244416246301901,True
SHP-104679,Ottawa ON,Contract Owner-Op,0.22437442642488584,True
SHP-100277,Montreal QC,Contract Owner-Op,0.22433086567205462,True
SHP-102830,Quebec City QC,MapleFreight Fleet,0.22348019736591285,True
SHP-105149,Sudbury ON,QuebecExpress,0.22346133414508226,True
SHP-101043,Ottawa ON,QuebecExpress,0.22326225294018145,True
SHP-100514,Montreal QC,QuebecExpress,0.22216130774093656,True
SHP-103287,Sudbury ON,MapleFreight Fleet,0.22180866298497726,True
SHP-101904,Winnipeg MB,Contract Owner-Op,0.22172078829169792,True
SHP-103417,Calgary AB,PrairieLine,0.2213148114233617,True
SHP-103356,Winnipeg MB,MapleFreight Fleet,0.22095257522027892,True
SHP-102379,Sudbury ON,MapleFreight Fleet,0.2207182603959814,True
SHP-103312,Regina SK,QuebecExpress,0.2204296877467973,True
SHP-102312,Calgary AB,MapleFreight Fleet,0.2197497204623026,True
SHP-101855,Winnipeg MB,QuebecExpress,0.219316306272585,True
SHP-101591,Montreal QC,NorthStar Carriers,0.21926322287975344,True
SHP-103954,Toronto ON,PrairieLine,0.21808480227408114,True
SHP-101327,Edmonton AB,Contract Owner-Op,0.21790538070557322,True
SHP-100651,Montreal QC,QuebecExpress,0.21684186634257316,True
SHP-105909,Ottawa ON,QuebecExpress,0.21641557247786083,True
SHP-103991,Quebec City QC,QuebecExpress,0.21529926150290155,True
SHP-101447,Calgary AB,NorthStar Carriers,0.2146124952579014,True
SHP-101695,Calgary AB,MapleFreight Fleet,0.2136344565164644,True
SHP-101665,Montreal QC,MapleFreight Fleet,0.21357066470441385,True
SHP-101979,Sudbury ON,NorthStar Carriers,0.2132454248959497,True
SHP-102376,Ottawa ON,MapleFreight Fleet,0.21316463664759241,True
SHP-103667,Hamilton ON,MapleFreight Fleet,0.21312265053335563,True
SHP-102141,Edmonton AB,NorthStar Carriers,0.21291417454100856,True
SHP-100039,Montreal QC,MapleFreight Fleet,0.21223526222574338,True
SHP-100067,Calgary AB,QuebecExpress,0.21185393241155803,True
SHP-105152,Toronto ON,QuebecExpress,0.21181172645505378,True
SHP-101282,Edmonton AB,PrairieLine,0.21163514678569237,True
SHP-105383,Quebec City QC,Contract Owner-Op,0.21130903388282532,True
SHP-100164,Calgary AB,NorthStar Carriers,0.2108243996369383,True
SHP-100774,Toronto ON,MapleFreight Fleet,0.21064132563900437,True
SHP-104042,Montreal QC,NorthStar Carriers,0.20935015812126986,True
SHP-105184,Sudbury ON,MapleFreight Fleet,0.20837377330011017,True
SHP-101111,Calgary AB,QuebecExpress,0.20833974680838926,True
SHP-102648,Hamilton ON,PrairieLine,0.20718497252231383,True
SHP-102264,Calgary AB,NorthStar Carriers,0.2071086009490625,True
SHP-103938,Ottawa ON,Contract Owner-Op,0.20701317465611557,True
SHP-100254,Montreal QC,QuebecExpress,0.20521553021605235,True
SHP-100636,Edmonton AB,NorthStar Carriers,0.2047059566922794,True
SHP-104434,Quebec City QC,Contract Owner-Op,0.2046169916375227,True
SHP-102396,Calgary AB,MapleFreight Fleet,0.2043435677953953,True
SHP-102073,Edmonton AB,MapleFreight Fleet,0.20428558223442242,True
SHP-102652,Toronto ON,NorthStar Carriers,0.20419933049357172,True
SHP-101964,Edmonton AB,QuebecExpress,0.20322721087852758,True
SHP-103365,Ottawa ON,MapleFreight Fleet,0.20318292460242934,True
SHP-100884,Sudbury ON,MapleFreight Fleet,0.20262796171277642,True
SHP-102259,Toronto ON,NorthStar Carriers,0.20241519730796842,True
SHP-104856,Hamilton ON,MapleFreight Fleet,0.20182974588637548,True
SHP-100279,Hamilton ON,Contract Owner-Op,0.20176049749442745,True
SHP-104838,Montreal QC,NorthStar Carriers,0.20173443143871017,True
SHP-100375,Winnipeg MB,PrairieLine,0.2015509140121968,True
SHP-101226,Toronto ON,MapleFreight Fleet,0.20111674544962152,True
SHP-103865,Toronto ON,NorthStar Carriers,0.201062399697146,True
SHP-102534,Sudbury ON,PrairieLine,0.2007921884819778,True
SHP-102011,Ottawa ON,MapleFreight Fleet,0.1998927252209696,False
SHP-101605,Ottawa ON,PrairieLine,0.19917241207694814,False
SHP-101748,Edmonton AB,MapleFreight Fleet,0.19902751412239691,False
SHP-105501,Toronto ON,NorthStar Carriers,0.19829114581343846,False
SHP-103473,Montreal QC,MapleFreight Fleet,0.19821036646683632,False
SHP-100390,Hamilton ON,PrairieLine,0.19800277876955596,False
SHP-100103,Hamilton ON,PrairieLine,0.19786660252201893,False
SHP-102883,Hamilton ON,QuebecExpress,0.1972784412287372,False
SHP-103081,Regina SK,QuebecExpress,0.19709056019697088,False
SHP-102943,Regina SK,PrairieLine,0.19707929928787615,False
SHP-102872,Calgary AB,PrairieLine,0.19559285072663113,False
SHP-101427,Montreal QC,NorthStar Carriers,0.19476381272038382,False
SHP-100431,Montreal QC,NorthStar Carriers,0.19457260649913335,False
SHP-100595,Edmonton AB,QuebecExpress,0.19392794335608673,False
SHP-105304,Toronto ON,NorthStar Carriers,0.19390170301497886,False
SHP-104585,Toronto ON,MapleFreight Fleet,0.19368550154366634,False
SHP-104289,Toronto ON,MapleFreight Fleet,0.19345594342938757,False
SHP-102772,Quebec City QC,PrairieLine,0.19329770719364214,False
SHP-101016,Calgary AB,QuebecExpress,0.19133982735671076,False
SHP-104858,Edmonton AB,MapleFreight Fleet,0.19090007418732577,False
SHP-101514,Edmonton AB,QuebecExpress,0.19086443413966137,False
SHP-100370,Quebec City QC,QuebecExpress,0.190684463066659,False
SHP-103705,Montreal QC,Contract Owner-Op,0.19054460512894608,False
SHP-103069,Montreal QC,QuebecExpress,0.19023576463989963,False
SHP-105860,Edmonton AB,MapleFreight Fleet,0.1892013365902928,False
SHP-105592,Winnipeg MB,MapleFreight Fleet,0.1887374347848739,False
SHP-105632,Regina SK,QuebecExpress,0.18795072548172428,False
SHP-104517,Edmonton AB,QuebecExpress,0.18698456715691059,False
SHP-104887,Hamilton ON,QuebecExpress,0.18684548745162033,False
SHP-100402,Toronto ON,MapleFreight Fleet,0.18640614419335208,False
SHP-104884,Regina SK,PrairieLine,0.1862210153621995,False
SHP-104080,Hamilton ON,MapleFreight Fleet,0.1859001240104385,False
SHP-105263,Sudbury ON,MapleFreight Fleet,0.18537218110681464,False
SHP-102823,Toronto ON,Contract Owner-Op,0.18533897612866881,False
SHP-100563,Montreal QC,MapleFreight Fleet,0.18455328939780055,False
SHP-104630,Edmonton AB,PrairieLine,0.1842798271450354,False
SHP-102916,Sudbury ON,MapleFreight Fleet,0.18424319187735141,False
SHP-102856,Sudbury ON,Contract Owner-Op,0.18408262120842642,False
SHP-103589,Hamilton ON,QuebecExpress,0.1838979768944304,False
SHP-101512,Regina SK,QuebecExpress,0.18376163366555706,False
SHP-103107,Edmonton AB,MapleFreight Fleet,0.1822778773088062,False
SHP-105071,Edmonton AB,NorthStar Carriers,0.18175587393026982,False
SHP-105789,Sudbury ON,NorthStar Carriers,0.1812382411530149,False
SHP-103168,Toronto ON,NorthStar Carriers,0.18102251681731754,False
SHP-100210,Toronto ON,MapleFreight Fleet,0.18001579772464882,False
SHP-104963,Winnipeg MB,PrairieLine,0.17976908297128458,False
SHP-101548,Hamilton ON,PrairieLine,0.1796881786517476,False
SHP-105996,Winnipeg MB,MapleFreight Fleet,0.17850605779201933,False
SHP-100616,Edmonton AB,MapleFreight Fleet,0.17761548410585137,False
SHP-100985,Toronto ON,PrairieLine,0.17749297655793583,False
SHP-104347,Winnipeg MB,QuebecExpress,0.17707461179832537,False
SHP-101344,Sudbury ON,MapleFreight Fleet,0.17604817563471678,False
SHP-104411,Sudbury ON,MapleFreight Fleet,0.1760181789528964,False
SHP-104973,Quebec City QC,QuebecExpress,0.17594536363272428,False
SHP-102851,Ottawa ON,MapleFreight Fleet,0.1759134687973866,False
SHP-103488,Montreal QC,QuebecExpress,0.17580237243616684,False
SHP-102754,Quebec City QC,QuebecExpress,0.17514008155963137,False
SHP-104034,Toronto ON,MapleFreight Fleet,0.17409566585970412,False
SHP-105774,Montreal QC,PrairieLine,0.17315018023877504,False
SHP-102063,Edmonton AB,QuebecExpress,0.17311350588654092,False
SHP-105099,Montreal QC,Contract Owner-Op,0.17293007025875487,False
SHP-104656,Quebec City QC,MapleFreight Fleet,0.1720341245685665,False
SHP-102482,Edmonton AB,Contract Owner-Op,0.17162152700433786,False
SHP-105977,Hamilton ON,NorthStar Carriers,0.1715190268655172,False
SHP-103984,Calgary AB,MapleFreight Fleet,0.17125594750949738,False
SHP-102729,Edmonton AB,NorthStar Carriers,0.1711465452429398,False
SHP-104871,Edmonton AB,QuebecExpress,0.1707641158067509,False
SHP-100648,Edmonton AB,PrairieLine,0.17043666444155306,False
SHP-101655,Quebec City QC,Contract Owner-Op,0.16991195169084747,False
SHP-101934,Winnipeg MB,MapleFreight Fleet,0.1693457454503827,False
SHP-100776,Montreal QC,NorthStar Carriers,0.16934090230397691,False
SHP-105207,Sudbury ON,PrairieLine,0.16923094172106481,False
SHP-101917,Quebec City QC,MapleFreight Fleet,0.16853892556249286,False
SHP-103703,Winnipeg MB,PrairieLine,0.1684578703954295,False
SHP-105983,Calgary AB,PrairieLine,0.16840772256554393,False
SHP-102926,Hamilton ON,NorthStar Carriers,0.1679149172877413,False
SHP-104924,Ottawa ON,PrairieLine,0.16717887680592838,False
SHP-102952,Quebec City QC,MapleFreight Fleet,0.16695933631156237,False
SHP-103191,Calgary AB,Contract Owner-Op,0.16649827891046212,False
SHP-101123,Calgary AB,MapleFreight Fleet,0.1659331465369988,False
SHP-103533,Toronto ON,PrairieLine,0.16526064390470666,False
SHP-102392,Toronto ON,QuebecExpress,0.1645036502871288,False
SHP-102554,Ottawa ON,QuebecExpress,0.16413534131517613,False
SHP-100198,Sudbury ON,NorthStar Carriers,0.1638044189944727,False
SHP-102311,Calgary AB,PrairieLine,0.16373577804863457,False
SHP-100661,Sudbury ON,MapleFreight Fleet,0.16335934155709406,False
SHP-103876,Ottawa ON,QuebecExpress,0.16284173716219605,False
SHP-103621,Edmonton AB,MapleFreight Fleet,0.16248336079155923,False
SHP-102382,Toronto ON,Contract Owner-Op,0.16205068583471685,False
SHP-102671,Calgary AB,QuebecExpress,0.16145230525438334,False
SHP-105610,Edmonton AB,NorthStar Carriers,0.160695424399527,False
SHP-101892,Toronto ON,QuebecExpress,0.1597037040886195,False
SHP-102521,Montreal QC,QuebecExpress,0.15951716735761448,False
SHP-101313,Quebec City QC,MapleFreight Fleet,0.15947213064321195,False
SHP-105686,Quebec City QC,NorthStar Carriers,0.15912976217990024,False
SHP-104436,Toronto ON,MapleFreight Fleet,0.15899759429152352,False
SHP-103497,Ottawa ON,QuebecExpress,0.15850843792613292,False
SHP-101795,Edmonton AB,Contract Owner-Op,0.15835168258875185,False
SHP-105294,Hamilton ON,PrairieLine,0.15772666651006648,False
SHP-105906,Hamilton ON,QuebecExpress,0.15761813627324242,False
SHP-102025,Sudbury ON,NorthStar Carriers,0.1572237812818806,False
SHP-104369,Hamilton ON,MapleFreight Fleet,0.1571299300539354,False
SHP-102813,Edmonton AB,MapleFreight Fleet,0.1568183767437167,False
SHP-100682,Calgary AB,PrairieLine,0.15648284027590662,False
SHP-102589,Quebec City QC,NorthStar Carriers,0.15596833452586834,False
SHP-101687,Edmonton AB,PrairieLine,0.1541479252998538,False
SHP-105708,Sudbury ON,NorthStar Carriers,0.15401561539392483,False
SHP-103841,Regina SK,MapleFreight Fleet,0.15400691869168057,False
SHP-104821,Montreal QC,MapleFreight Fleet,0.15383634255898984,False
SHP-104444,Edmonton AB,MapleFreight Fleet,0.15377751008437335,False
SHP-101406,Winnipeg MB,PrairieLine,0.1531400286341718,False
SHP-103541,Ottawa ON,MapleFreight Fleet,0.15279764113946295,False
SHP-102044,Toronto ON,QuebecExpress,0.1527811493396559,False
SHP-105479,Ottawa ON,NorthStar Carriers,0.15266366373467424,False
SHP-100968,Regina SK,Contract Owner-Op,0.1521433813542036,False
SHP-103140,Quebec City QC,QuebecExpress,0.15127917993570097,False
SHP-104791,Calgary AB,MapleFreight Fleet,0.15116823033662782,False
SHP-103543,Winnipeg MB,MapleFreight Fleet,0.15073088652615196,False
SHP-104504,Regina SK,Contract Owner-Op,0.14995928635025135,False
SHP-104438,Edmonton AB,NorthStar Carriers,0.1493783530009419,False
SHP-105873,Sudbury ON,PrairieLine,0.14914290831498828,False
SHP-105198,Sudbury ON,MapleFreight Fleet,0.1488297597984638,False
SHP-102543,Winnipeg MB,MapleFreight Fleet,0.14873251301189974,False
SHP-102299,Ottawa ON,NorthStar Carriers,0.14852920253360913,False
SHP-104481,Ottawa ON,QuebecExpress,0.1480800204086253,False
SHP-103268,Winnipeg MB,PrairieLine,0.1480594285984892,False
SHP-100710,Hamilton ON,QuebecExpress,0.14772367097896255,False
SHP-104447,Winnipeg MB,MapleFreight Fleet,0.14757449721200946,False
SHP-101067,Ottawa ON,MapleFreight Fleet,0.1475070952379297,False
SHP-103924,Sudbury ON,MapleFreight Fleet,0.14722110011940578,False
SHP-100457,Toronto ON,PrairieLine,0.14699245382094728,False
SHP-104645,Sudbury ON,NorthStar Carriers,0.14618553686235974,False
SHP-102780,Sudbury ON,QuebecExpress,0.14589756369814563,False
SHP-104327,Calgary AB,NorthStar Carriers,0.14534930580672648,False
SHP-101116,Calgary AB,MapleFreight Fleet,0.14502994672785988,False
SHP-103239,Hamilton ON,MapleFreight Fleet,0.14490084357907695,False
SHP-103574,Quebec City QC,MapleFreight Fleet,0.14447297676270277,False
SHP-102360,Toronto ON,NorthStar Carriers,0.14368315503341125,False
SHP-102982,Regina SK,MapleFreight Fleet,0.14362782996348714,False
SHP-105268,Sudbury ON,NorthStar Carriers,0.14316637240933341,False
SHP-103207,Montreal QC,NorthStar Carriers,0.14246750915189424,False
SHP-100594,Sudbury ON,MapleFreight Fleet,0.1424117158023288,False
SHP-103354,Hamilton ON,PrairieLine,0.14238033254312063,False
SHP-103769,Edmonton AB,NorthStar Carriers,0.1423051485234054,False
SHP-102971,Ottawa ON,Contract Owner-Op,0.142008964485358,False
SHP-105957,Winnipeg MB,PrairieLine,0.1418490229934853,False
SHP-100848,Calgary AB,NorthStar Carriers,0.14173703234376567,False
SHP-104122,Montreal QC,Contract Owner-Op,0.1416340870371269,False
SHP-105617,Quebec City QC,MapleFreight Fleet,0.14142188496906094,False
SHP-105739,Montreal QC,MapleFreight Fleet,0.14119763014219616,False
SHP-101724,Hamilton ON,MapleFreight Fleet,0.14114880608886912,False
SHP-102771,Sudbury ON,PrairieLine,0.1407099481236487,False
SHP-101702,Hamilton ON,QuebecExpress,0.14066157040018504,False
SHP-102027,Hamilton ON,Contract Owner-Op,0.140577774490842,False
SHP-100272,Sudbury ON,MapleFreight Fleet,0.14051347757842994,False
SHP-103276,Winnipeg MB,MapleFreight Fleet,0.14051024827360098,False
SHP-105919,Toronto ON,QuebecExpress,0.14014288262839436,False
SHP-101451,Winnipeg MB,QuebecExpress,0.140119055184125,False
SHP-105428,Calgary AB,MapleFreight Fleet,0.13995916900816438,False
SHP-104252,Hamilton ON,QuebecExpress,0.13990530891964473,False
SHP-100696,Hamilton ON,Contract Owner-Op,0.13912315518433885,False
SHP-101449,Toronto ON,MapleFreight Fleet,0.1391222187020439,False
SHP-105816,Edmonton AB,Contract Owner-Op,0.1389888126250399,False
SHP-102080,Winnipeg MB,Contract Owner-Op,0.138402144540501,False
SHP-102559,Edmonton AB,QuebecExpress,0.13828798432774145,False
SHP-101902,Calgary AB,PrairieLine,0.1382126811553354,False
SHP-104902,Hamilton ON,Contract Owner-Op,0.13814859718893938,False
SHP-103187,Hamilton ON,QuebecExpress,0.1376872000415965,False
SHP-101088,Regina SK,QuebecExpress,0.13692069384619607,False
SHP-102377,Ottawa ON,NorthStar Carriers,0.13682182339704665,False
SHP-105584,Calgary AB,QuebecExpress,0.13615515139986215,False
SHP-100813,Sudbury ON,MapleFreight Fleet,0.13614991762985215,False
SHP-100678,Montreal QC,QuebecExpress,0.13489710747772346,False
SHP-103810,Sudbury ON,PrairieLine,0.13470814388199823,False
SHP-105787,Regina SK,QuebecExpress,0.1346946544006223,False
SHP-104454,Ottawa ON,MapleFreight Fleet,0.1345017628118192,False
SHP-100672,Sudbury ON,PrairieLine,0.1344645058108744,False
SHP-104340,Hamilton ON,QuebecExpress,0.13427706282933186,False
SHP-103381,Edmonton AB,MapleFreight Fleet,0.134141338077243,False
SHP-103151,Regina SK,Contract Owner-Op,0.13373582323125263,False
SHP-103853,Edmonton AB,NorthStar Carriers,0.13293355375407834,False
SHP-103211,Ottawa ON,PrairieLine,0.1324391686484154,False
SHP-103616,Sudbury ON,MapleFreight Fleet,0.1324037515768613,False
SHP-104361,Montreal QC,NorthStar Carriers,0.1317134761864822,False
SHP-105760,Sudbury ON,QuebecExpress,0.13161651276900194,False
SHP-101046,Regina SK,PrairieLine,0.131602613180519,False
SHP-100585,Toronto ON,QuebecExpress,0.13092045691060475,False
SHP-100354,Regina SK,MapleFreight Fleet,0.13089412360129862,False
SHP-105519,Toronto ON,MapleFreight Fleet,0.13035108429806744,False
SHP-102380,Montreal QC,PrairieLine,0.1302668318886079,False
SHP-105094,Regina SK,Contract Owner-Op,0.12963400487829732,False
SHP-101999,Montreal QC,NorthStar Carriers,0.12951611824914583,False
SHP-105472,Ottawa ON,MapleFreight Fleet,0.12933153035367853,False
SHP-100952,Regina SK,NorthStar Carriers,0.1286675405416995,False
SHP-104764,Toronto ON,PrairieLine,0.12851285747577365,False
SHP-105064,Edmonton AB,NorthStar Carriers,0.12844644944138017,False
SHP-102115,Montreal QC,MapleFreight Fleet,0.1283967882130954,False
SHP-105639,Hamilton ON,Contract Owner-Op,0.1281435684844267,False
SHP-104314,Toronto ON,QuebecExpress,0.1279877759459369,False
SHP-101494,Calgary AB,Contract Owner-Op,0.12795917194409503,False
SHP-100486,Ottawa ON,QuebecExpress,0.12789177955007217,False
SHP-104019,Sudbury ON,QuebecExpress,0.12785886613886668,False
SHP-100098,Edmonton AB,MapleFreight Fleet,0.1278133732785627,False
SHP-105830,Hamilton ON,QuebecExpress,0.12773972301021147,False
SHP-103407,Sudbury ON,NorthStar Carriers,0.12712868366637456,False
SHP-100406,Calgary AB,QuebecExpress,0.12703903721661128,False
SHP-101399,Montreal QC,PrairieLine,0.12647199086864605,False
SHP-103615,Hamilton ON,MapleFreight Fleet,0.12623503807339945,False
SHP-100032,Winnipeg MB,MapleFreight Fleet,0.12616532739232014,False
SHP-100060,Hamilton ON,PrairieLine,0.1255075634335297,False
SHP-105542,Edmonton AB,MapleFreight Fleet,0.12546325611412468,False
SHP-100520,Hamilton ON,QuebecExpress,0.12523951220090523,False
SHP-103075,Regina SK,NorthStar Carriers,0.12493569200213121,False
SHP-103047,Hamilton ON,MapleFreight Fleet,0.12486969412773714,False
SHP-101660,Winnipeg MB,PrairieLine,0.12484165702067479,False
SHP-105806,Ottawa ON,QuebecExpress,0.12411344912793303,False
SHP-100258,Winnipeg MB,MapleFreight Fleet,0.12377306477374077,False
SHP-104603,Edmonton AB,PrairieLine,0.12361463483001628,False
SHP-105700,Hamilton ON,NorthStar Carriers,0.12348392934111657,False
SHP-103732,Quebec City QC,NorthStar Carriers,0.12320481402774482,False
SHP-101910,Montreal QC,QuebecExpress,0.12311395677716071,False
SHP-105901,Regina SK,PrairieLine,0.12311116125316102,False
SHP-100821,Toronto ON,MapleFreight Fleet,0.12235436356076156,False
SHP-104797,Toronto ON,MapleFreight Fleet,0.12219610668899412,False
SHP-103930,Quebec City QC,MapleFreight Fleet,0.12203521766594161,False
SHP-104221,Toronto ON,MapleFreight Fleet,0.12172587063071418,False
SHP-104283,Calgary AB,MapleFreight Fleet,0.12148440721054336,False
SHP-100583,Montreal QC,MapleFreight Fleet,0.12138478246893603,False
SHP-103253,Toronto ON,MapleFreight Fleet,0.12112622465339908,False
SHP-105677,Edmonton AB,QuebecExpress,0.12079501137782711,False
SHP-100698,Winnipeg MB,MapleFreight Fleet,0.12070339902015548,False
SHP-105328,Quebec City QC,PrairieLine,0.12063632857759858,False
SHP-100276,Winnipeg MB,QuebecExpress,0.12047777562747863,False
SHP-103754,Ottawa ON,PrairieLine,0.1199303258268253,False
SHP-100340,Hamilton ON,MapleFreight Fleet,0.11951591919166821,False
SHP-103491,Sudbury ON,Contract Owner-Op,0.11950881531159276,False
SHP-102937,Toronto ON,MapleFreight Fleet,0.11946236119655124,False
SHP-104136,Winnipeg MB,NorthStar Carriers,0.1193041762740117,False
SHP-101396,Sudbury ON,MapleFreight Fleet,0.11921407868826979,False
SHP-104596,Winnipeg MB,NorthStar Carriers,0.11858834155315523,False
SHP-103460,Edmonton AB,NorthStar Carriers,0.11851704147643326,False
SHP-101942,Montreal QC,Contract Owner-Op,0.11844683157155496,False
SHP-105318,Edmonton AB,NorthStar Carriers,0.11815151188863032,False
SHP-102895,Hamilton ON,MapleFreight Fleet,0.11809683431223626,False
SHP-103725,Sudbury ON,NorthStar Carriers,0.1178676972502467,False
SHP-102886,Hamilton ON,MapleFreight Fleet,0.11771988261919829,False
SHP-104173,Edmonton AB,MapleFreight Fleet,0.11757114435988596,False
SHP-104278,Quebec City QC,Contract Owner-Op,0.1175566519165319,False
SHP-103553,Calgary AB,QuebecExpress,0.11750874737753643,False
SHP-101038,Winnipeg MB,NorthStar Carriers,0.11699374771242793,False
SHP-105378,Toronto ON,NorthStar Carriers,0.11656229548674381,False
SHP-101792,Toronto ON,Contract Owner-Op,0.11652352221519158,False
SHP-104637,Montreal QC,MapleFreight Fleet,0.11647521551251445,False
SHP-105763,Ottawa ON,NorthStar Carriers,0.116198246234073,False
SHP-103071,Toronto ON,MapleFreight Fleet,0.11607929251586974,False
SHP-105567,Edmonton AB,Contract Owner-Op,0.11605401523034899,False
SHP-103941,Calgary AB,MapleFreight Fleet,0.11585213207755736,False
SHP-104459,Regina SK,MapleFreight Fleet,0.11533936991903804,False
SHP-102099,Edmonton AB,MapleFreight Fleet,0.1137672802154857,False
SHP-105146,Toronto ON,QuebecExpress,0.11370699157139595,False
SHP-103788,Ottawa ON,MapleFreight Fleet,0.11354199867567166,False
SHP-102275,Regina SK,NorthStar Carriers,0.11353785766913727,False
SHP-102342,Sudbury ON,MapleFreight Fleet,0.11350362694658818,False
SHP-103585,Regina SK,NorthStar Carriers,0.11260223717221374,False
SHP-103855,Hamilton ON,QuebecExpress,0.11237637899375263,False
SHP-105605,Calgary AB,NorthStar Carriers,0.11223923649285032,False
SHP-102075,Montreal QC,NorthStar Carriers,0.11197361788608425,False
SHP-101238,Winnipeg MB,MapleFreight Fleet,0.11163664394935695,False
SHP-100074,Sudbury ON,PrairieLine,0.11065537704392137,False
SHP-100465,Winnipeg MB,MapleFreight Fleet,0.11060240380336196,False
SHP-100280,Ottawa ON,NorthStar Carriers,0.11056746794881468,False
SHP-103736,Sudbury ON,MapleFreight Fleet,0.11044185095246901,False
SHP-100208,Edmonton AB,NorthStar Carriers,0.11034292537974759,False
SHP-105650,Montreal QC,Contract Owner-Op,0.1099263514002632,False
SHP-103673,Regina SK,NorthStar Carriers,0.10953408664092695,False
SHP-100913,Toronto ON,MapleFreight Fleet,0.10944399944889648,False
SHP-104734,Ottawa ON,PrairieLine,0.10876068595817573,False
SHP-102133,Calgary AB,MapleFreight Fleet,0.10854741792403438,False
SHP-100302,Toronto ON,PrairieLine,0.10848296097053685,False
SHP-105144,Montreal QC,QuebecExpress,0.10804752119377,False
SHP-101901,Regina SK,MapleFreight Fleet,0.10769719809749206,False
SHP-102010,Regina SK,NorthStar Carriers,0.10681127714802648,False
SHP-102142,Toronto ON,QuebecExpress,0.10621888190602065,False
SHP-103040,Regina SK,MapleFreight Fleet,0.10605643994214227,False
SHP-102272,Montreal QC,MapleFreight Fleet,0.10539567559883511,False
SHP-104287,Regina SK,MapleFreight Fleet,0.10503061027854195,False
SHP-104426,Quebec City QC,QuebecExpress,0.10489305560490597,False
SHP-101364,Sudbury ON,MapleFreight Fleet,0.10478971566039245,False
SHP-103861,Sudbury ON,QuebecExpress,0.10456922994880137,False
SHP-104747,Winnipeg MB,Contract Owner-Op,0.10454435717953987,False
SHP-102198,Sudbury ON,PrairieLine,0.1044326456545603,False
SHP-103561,Montreal QC,MapleFreight Fleet,0.10436649140512382,False
SHP-102929,Montreal QC,MapleFreight Fleet,0.10421868406240546,False
SHP-102056,Quebec City QC,Contract Owner-Op,0.10396048300270146,False
SHP-103024,Edmonton AB,MapleFreight Fleet,0.1039338061644044,False
SHP-100041,Ottawa ON,Contract Owner-Op,0.10375947614042103,False
SHP-101094,Sudbury ON,NorthStar Carriers,0.10346590201544666,False
SHP-101997,Calgary AB,MapleFreight Fleet,0.1029366019578606,False
SHP-105454,Montreal QC,MapleFreight Fleet,0.10290499039869035,False
SHP-101443,Winnipeg MB,NorthStar Carriers,0.10269055300900587,False
SHP-104099,Toronto ON,MapleFreight Fleet,0.10257025722505626,False
SHP-101886,Quebec City QC,QuebecExpress,0.10222273340011771,False
SHP-104350,Montreal QC,QuebecExpress,0.10218869194652697,False
SHP-105380,Edmonton AB,MapleFreight Fleet,0.1021513174541717,False
SHP-105272,Hamilton ON,MapleFreight Fleet,0.10212716659442767,False
SHP-105353,Montreal QC,NorthStar Carriers,0.10204978873461941,False
SHP-100835,Winnipeg MB,MapleFreight Fleet,0.1018329782711541,False
SHP-100644,Montreal QC,PrairieLine,0.10136615156220342,False
SHP-105687,Regina SK,MapleFreight Fleet,0.10129219435823532,False
SHP-101170,Winnipeg MB,PrairieLine,0.10091611952888824,False
SHP-100927,Hamilton ON,NorthStar Carriers,0.10085895676754138,False
SHP-101086,Edmonton AB,QuebecExpress,0.10033363746126482,False
SHP-104102,Ottawa ON,MapleFreight Fleet,0.10033111458813504,False
SHP-101230,Montreal QC,MapleFreight Fleet,0.09963839506527168,False
SHP-105039,Quebec City QC,QuebecExpress,0.09911907679190507,False
SHP-104621,Sudbury ON,MapleFreight Fleet,0.09897214796505678,False
SHP-103446,Montreal QC,MapleFreight Fleet,0.09830488842124076,False
SHP-105008,Sudbury ON,MapleFreight Fleet,0.09795993184228269,False
SHP-103645,Hamilton ON,PrairieLine,0.09770223163962001,False
SHP-105444,Edmonton AB,NorthStar Carriers,0.0967101339850497,False
SHP-105788,Regina SK,PrairieLine,0.09662841593503768,False
SHP-104819,Montreal QC,Contract Owner-Op,0.09636494377625916,False
SHP-105717,Edmonton AB,MapleFreight Fleet,0.09628368849667213,False
SHP-102959,Quebec City QC,MapleFreight Fleet,0.09623021315242651,False
SHP-100886,Sudbury ON,NorthStar Carriers,0.09617231107782265,False
SHP-103263,Ottawa ON,MapleFreight Fleet,0.09610563919488906,False
SHP-100362,Sudbury ON,MapleFreight Fleet,0.09606663153401312,False
SHP-101157,Toronto ON,MapleFreight Fleet,0.09567992556234296,False
SHP-105225,Sudbury ON,Contract Owner-Op,0.09567267149087753,False
SHP-105251,Edmonton AB,NorthStar Carriers,0.09541970842500967,False
SHP-102113,Regina SK,MapleFreight Fleet,0.09522468248069875,False
SHP-100624,Calgary AB,MapleFreight Fleet,0.09463659205413405,False
SHP-100429,Edmonton AB,MapleFreight Fleet,0.09459261232858342,False
SHP-101890,Winnipeg MB,MapleFreight Fleet,0.09457805180269829,False
SHP-102084,Toronto ON,QuebecExpress,0.0945551606104501,False
SHP-100797,Montreal QC,MapleFreight Fleet,0.0944367346670494,False
SHP-104047,Montreal QC,NorthStar Carriers,0.09402450788671761,False
SHP-104614,Quebec City QC,QuebecExpress,0.09368196648374631,False
SHP-101366,Montreal QC,PrairieLine,0.0932861096610449,False
SHP-103030,Calgary AB,MapleFreight Fleet,0.09314341893029578,False
SHP-103764,Toronto ON,NorthStar Carriers,0.0924193648136598,False
SHP-102874,Winnipeg MB,NorthStar Carriers,0.09191966361690755,False
SHP-103169,Calgary AB,MapleFreight Fleet,0.09150422160390037,False
SHP-100306,Sudbury ON,MapleFreight Fleet,0.09143352823291183,False
SHP-102766,Winnipeg MB,MapleFreight Fleet,0.09136231003908236,False
SHP-105576,Quebec City QC,QuebecExpress,0.09117808639226765,False
SHP-101357,Toronto ON,MapleFreight Fleet,0.09103066454535264,False
SHP-103649,Toronto ON,MapleFreight Fleet,0.09051588568187435,False
SHP-105898,Sudbury ON,PrairieLine,0.08979114552594192,False
SHP-103123,Winnipeg MB,NorthStar Carriers,0.08942610577723713,False
SHP-104556,Toronto ON,QuebecExpress,0.0892406557777511,False
SHP-105041,Ottawa ON,QuebecExpress,0.08904110364529143,False
SHP-100334,Regina SK,MapleFreight Fleet,0.08891207009642609,False
SHP-101788,Sudbury ON,MapleFreight Fleet,0.08880058929495799,False
SHP-104661,Montreal QC,NorthStar Carriers,0.08870175774565675,False
SHP-105416,Sudbury ON,NorthStar Carriers,0.08863611934355183,False
SHP-105499,Montreal QC,PrairieLine,0.088482755872141,False
SHP-102329,Ottawa ON,MapleFreight Fleet,0.08838516092595984,False
SHP-105821,Hamilton ON,QuebecExpress,0.08792230113201388,False
SHP-101490,Edmonton AB,PrairieLine,0.08785968566882303,False
SHP-105199,Montreal QC,MapleFreight Fleet,0.08784725833093027,False
SHP-100744,Montreal QC,PrairieLine,0.08733433109737486,False
SHP-105274,Toronto ON,QuebecExpress,0.08707415828339092,False
SHP-103939,Montreal QC,MapleFreight Fleet,0.08685965506521015,False
SHP-103475,Regina SK,QuebecExpress,0.0866003219417395,False
SHP-105364,Toronto ON,MapleFreight Fleet,0.08624893655905724,False
SHP-100248,Edmonton AB,NorthStar Carriers,0.08591610396756921,False
SHP-100931,Montreal QC,MapleFreight Fleet,0.08576900029648839,False
SHP-100782,Edmonton AB,QuebecExpress,0.0852933159610565,False
SHP-101380,Sudbury ON,NorthStar Carriers,0.08500197358336554,False
SHP-100349,Ottawa ON,QuebecExpress,0.0846579693105695,False
SHP-104433,Edmonton AB,QuebecExpress,0.08455165373277444,False
SHP-100528,Montreal QC,MapleFreight Fleet,0.08451938316187065,False
SHP-101179,Sudbury ON,MapleFreight Fleet,0.08448541529682611,False
SHP-104631,Montreal QC,PrairieLine,0.08447799553381552,False
SHP-100147,Montreal QC,MapleFreight Fleet,0.08366079265596432,False
SHP-103273,Hamilton ON,MapleFreight Fleet,0.08313604490957956,False
SHP-102295,Winnipeg MB,MapleFreight Fleet,0.08312352741684907,False
SHP-104881,Regina SK,MapleFreight Fleet,0.0830086466529492,False
SHP-100418,Montreal QC,NorthStar Carriers,0.08272477415235426,False
SHP-100136,Calgary AB,QuebecExpress,0.08248794016930576,False
SHP-105507,Hamilton ON,NorthStar Carriers,0.08235508389340941,False
SHP-104916,Edmonton AB,NorthStar Carriers,0.08206320221220013,False
SHP-102888,Ottawa ON,QuebecExpress,0.08197874882785786,False
SHP-103031,Ottawa ON,PrairieLine,0.0815891169947483,False
SHP-104994,Sudbury ON,MapleFreight Fleet,0.08124770160532584,False
SHP-102243,Montreal QC,NorthStar Carriers,0.08114440628698753,False
SHP-105073,Edmonton AB,NorthStar Carriers,0.08100980113891712,False
SHP-104709,Quebec City QC,NorthStar Carriers,0.08098626100116246,False
SHP-103465,Ottawa ON,Contract Owner-Op,0.08089555827114382,False
SHP-105979,Edmonton AB,MapleFreight Fleet,0.08069465305356613,False
SHP-103436,Winnipeg MB,PrairieLine,0.08061820404831692,False
SHP-101763,Quebec City QC,NorthStar Carriers,0.0803498179442007,False
SHP-103906,Winnipeg MB,QuebecExpress,0.07971397285884553,False
SHP-105813,Edmonton AB,MapleFreight Fleet,0.07889398003025803,False
SHP-100055,Toronto ON,MapleFreight Fleet,0.07880728870933042,False
SHP-102897,Quebec City QC,PrairieLine,0.07865412643305601,False
SHP-104523,Hamilton ON,QuebecExpress,0.07772686057391527,False
SHP-103950,Toronto ON,NorthStar Carriers,0.07752788420355278,False
SHP-100211,Calgary AB,QuebecExpress,0.07649093707425891,False
SHP-102277,Quebec City QC,QuebecExpress,0.07640860124809412,False
SHP-102064,Winnipeg MB,MapleFreight Fleet,0.0763351392285115,False
SHP-100265,Regina SK,PrairieLine,0.07613609893479671,False
SHP-105338,Regina SK,MapleFreight Fleet,0.07605900422154864,False
SHP-103370,Montreal QC,MapleFreight Fleet,0.07591165344665583,False
SHP-103235,Winnipeg MB,MapleFreight Fleet,0.07590145360194944,False
SHP-104912,Toronto ON,MapleFreight Fleet,0.07557949339031217,False
SHP-100811,Ottawa ON,MapleFreight Fleet,0.07460458757851893,False
SHP-103121,Hamilton ON,QuebecExpress,0.07459519309838163,False
SHP-105829,Ottawa ON,MapleFreight Fleet,0.07441166723097258,False
SHP-102059,Sudbury ON,PrairieLine,0.07429707965169242,False
SHP-102708,Regina SK,NorthStar Carriers,0.07404197842466408,False
SHP-104491,Edmonton AB,Contract Owner-Op,0.07401010865133043,False
SHP-100608,Calgary AB,PrairieLine,0.07352721809167868,False
SHP-104081,Ottawa ON,PrairieLine,0.0731593932582878,False
SHP-103427,Quebec City QC,NorthStar Carriers,0.07296052997157197,False
SHP-102050,Regina SK,MapleFreight Fleet,0.0728368099491643,False
SHP-104643,Ottawa ON,NorthStar Carriers,0.07205124312181757,False
SHP-102831,Regina SK,MapleFreight Fleet,0.07127850034750201,False
SHP-100308,Hamilton ON,MapleFreight Fleet,0.07068813181264301,False
SHP-102811,Edmonton AB,MapleFreight Fleet,0.07057220073275407,False
SHP-101957,Quebec City QC,QuebecExpress,0.07055261979369548,False
SHP-100875,Toronto ON,MapleFreight Fleet,0.07053689072135393,False
SHP-105738,Ottawa ON,NorthStar Carriers,0.07049568172121588,False
SHP-102610,Regina SK,MapleFreight Fleet,0.0702123753590358,False
SHP-100019,Hamilton ON,QuebecExpress,0.07005810700223593,False
SHP-100367,Winnipeg MB,MapleFreight Fleet,0.069966314013922,False
SHP-104372,Calgary AB,Contract Owner-Op,0.06969216218118132,False
SHP-101554,Regina SK,Contract Owner-Op,0.06918618379160417,False
SHP-103676,Edmonton AB,QuebecExpress,0.06917179823630655,False
SHP-100229,Quebec City QC,MapleFreight Fleet,0.06916941958723767,False
SHP-100398,Quebec City QC,NorthStar Carriers,0.06913133605284698,False
SHP-101896,Hamilton ON,MapleFreight Fleet,0.06903494338261211,False
SHP-105819,Quebec City QC,Contract Owner-Op,0.0687927248718262,False
SHP-100449,Montreal QC,MapleFreight Fleet,0.06814602989887271,False
SHP-101745,Toronto ON,NorthStar Carriers,0.06795034319858916,False
SHP-101184,Calgary AB,PrairieLine,0.06779558575009896,False
SHP-103850,Hamilton ON,MapleFreight Fleet,0.06765108441206709,False
SHP-105670,Regina SK,MapleFreight Fleet,0.06754593864240704,False
SHP-103856,Regina SK,MapleFreight Fleet,0.06724664603040119,False
SHP-101714,Hamilton ON,QuebecExpress,0.0666928349886541,False
SHP-105169,Regina SK,Contract Owner-Op,0.06653222207583177,False
SHP-102705,Hamilton ON,NorthStar Carriers,0.06652493809426906,False
SHP-105917,Quebec City QC,NorthStar Carriers,0.06606018693886273,False
SHP-102006,Regina SK,MapleFreight Fleet,0.0659015444051513,False
SHP-105633,Toronto ON,NorthStar Carriers,0.06589499506373175,False
SHP-101983,Regina SK,QuebecExpress,0.06581562245510557,False
SHP-101771,Quebec City QC,MapleFreight Fleet,0.06570653708330475,False
SHP-101259,Sudbury ON,MapleFreight Fleet,0.06480053487002264,False
SHP-104464,Regina SK,NorthStar Carriers,0.0645425002842791,False
SHP-103089,Ottawa ON,NorthStar Carriers,0.06419390042135313,False
SHP-104413,Montreal QC,MapleFreight Fleet,0.0633482138974089,False
SHP-101500,Edmonton AB,QuebecExpress,0.06321716702535776,False
SHP-105905,Regina SK,PrairieLine,0.06310554201422104,False
SHP-103571,Toronto ON,QuebecExpress,0.06292859639390112,False
SHP-102942,Toronto ON,MapleFreight Fleet,0.06190102911304692,False
SHP-102673,Ottawa ON,MapleFreight Fleet,0.061677357768197195,False
SHP-103291,Toronto ON,Contract Owner-Op,0.061433391686692186,False
SHP-102613,Hamilton ON,QuebecExpress,0.06131966794204414,False
SHP-104553,Quebec City QC,NorthStar Carriers,0.061317750717735486,False
SHP-100439,Regina SK,NorthStar Carriers,0.06130542608693381,False
SHP-103639,Edmonton AB,MapleFreight Fleet,0.06126615999330803,False
SHP-100315,Winnipeg MB,NorthStar Carriers,0.06092072749560184,False
SHP-104304,Sudbury ON,NorthStar Carriers,0.06050946186579592,False
SHP-105593,Montreal QC,NorthStar Carriers,0.06031286256787869,False
SHP-100045,Hamilton ON,MapleFreight Fleet,0.06013849208709857,False
SHP-105395,Regina SK,MapleFreight Fleet,0.05961770332088049,False
SHP-100969,Winnipeg MB,MapleFreight Fleet,0.05945265892270948,False
SHP-101113,Hamilton ON,MapleFreight Fleet,0.059323175259312376,False
SHP-101568,Hamilton ON,MapleFreight Fleet,0.059276153737785615,False
SHP-102039,Montreal QC,QuebecExpress,0.05918005267282392,False
SHP-105662,Montreal QC,MapleFreight Fleet,0.059152950036847375,False
SHP-103874,Toronto ON,PrairieLine,0.05890887933992609,False
SHP-102840,Montreal QC,MapleFreight Fleet,0.05890216917491819,False
SHP-102726,Regina SK,QuebecExpress,0.058480372151807486,False
SHP-101858,Ottawa ON,NorthStar Carriers,0.05825418836370167,False
SHP-102596,Calgary AB,MapleFreight Fleet,0.05814999321093667,False
SHP-100619,Winnipeg MB,NorthStar Carriers,0.0581401453532732,False
SHP-105566,Toronto ON,MapleFreight Fleet,0.05767316112352847,False
SHP-100655,Hamilton ON,MapleFreight Fleet,0.05765046706958173,False
SHP-105085,Toronto ON,NorthStar Carriers,0.05764780396147657,False
SHP-102743,Hamilton ON,PrairieLine,0.057558662330919906,False
SHP-104896,Regina SK,Contract Owner-Op,0.05728876150903062,False
SHP-105460,Calgary AB,MapleFreight Fleet,0.05703120064789799,False
SHP-100812,Sudbury ON,PrairieLine,0.05675091351755742,False
SHP-101654,Edmonton AB,QuebecExpress,0.056343974790551275,False
SHP-102191,Montreal QC,MapleFreight Fleet,0.05634316797653712,False
SHP-102755,Sudbury ON,QuebecExpress,0.05629796955181071,False
SHP-105493,Calgary AB,QuebecExpress,0.05628341869242465,False
SHP-103753,Winnipeg MB,PrairieLine,0.056113559344524055,False
SHP-102253,Regina SK,Contract Owner-Op,0.05568524801943416,False
SHP-101225,Calgary AB,MapleFreight Fleet,0.05558139406882071,False
SHP-101360,Hamilton ON,PrairieLine,0.055469845398582567,False
SHP-105807,Montreal QC,NorthStar Carriers,0.05539611288859748,False
SHP-101619,Winnipeg MB,NorthStar Carriers,0.0553902897046715,False
SHP-104720,Calgary AB,NorthStar Carriers,0.05530148430899825,False
SHP-105230,Toronto ON,QuebecExpress,0.054870932141478056,False
SHP-103227,Toronto ON,MapleFreight Fleet,0.05385970188161183,False
SHP-105238,Winnipeg MB,QuebecExpress,0.05385612217247906,False
SHP-105959,Winnipeg MB,MapleFreight Fleet,0.053762019476511956,False
SHP-105809,Ottawa ON,PrairieLine,0.05362911333286719,False
SHP-102919,Winnipeg MB,MapleFreight Fleet,0.05329531593683327,False
SHP-101218,Regina SK,MapleFreight Fleet,0.05280896299287485,False
SHP-104627,Winnipeg MB,MapleFreight Fleet,0.052772746656169066,False
SHP-103546,Ottawa ON,MapleFreight Fleet,0.052602131087381515,False
SHP-104654,Calgary AB,NorthStar Carriers,0.05254336425583587,False
SHP-104951,Sudbury ON,MapleFreight Fleet,0.05250535141426372,False
SHP-101814,Winnipeg MB,MapleFreight Fleet,0.052437372774175206,False
SHP-100335,Regina SK,QuebecExpress,0.052151862105805614,False
SHP-104098,Quebec City QC,MapleFreight Fleet,0.051948354736176205,False
SHP-101039,Edmonton AB,MapleFreight Fleet,0.05189474015732218,False
SHP-102433,Ottawa ON,MapleFreight Fleet,0.05180904264316514,False
SHP-100582,Ottawa ON,NorthStar Carriers,0.05175886002208598,False
SHP-105330,Montreal QC,MapleFreight Fleet,0.05154969052702859,False
SHP-103094,Hamilton ON,MapleFreight Fleet,0.0510593980978811,False
SHP-104711,Ottawa ON,MapleFreight Fleet,0.05104546268785983,False
SHP-102487,Quebec City QC,MapleFreight Fleet,0.050588862648972506,False
SHP-105794,Calgary AB,NorthStar Carriers,0.05049848319313132,False
SHP-103717,Quebec City QC,PrairieLine,0.050441388736723186,False
SHP-103319,Regina SK,MapleFreight Fleet,0.05038188434941173,False
SHP-105312,Ottawa ON,MapleFreight Fleet,0.05032419516419512,False
SHP-100881,Toronto ON,NorthStar Carriers,0.05030427720146483,False
SHP-102681,Quebec City QC,PrairieLine,0.050287970139197245,False
SHP-103074,Toronto ON,MapleFreight Fleet,0.050239018262683566,False
SHP-102200,Calgary AB,MapleFreight Fleet,0.05009697564971536,False
SHP-104063,Toronto ON,MapleFreight Fleet,0.049953402469659854,False
SHP-103892,Edmonton AB,MapleFreight Fleet,0.049817829841273704,False
SHP-103409,Toronto ON,QuebecExpress,0.048501733326156794,False
SHP-103192,Calgary AB,MapleFreight Fleet,0.048456338876442906,False
SHP-103197,Winnipeg MB,MapleFreight Fleet,0.04844140354944728,False
SHP-105058,Ottawa ON,NorthStar Carriers,0.04783144153026281,False
SHP-100700,Winnipeg MB,MapleFreight Fleet,0.04782854398925455,False
SHP-102547,Edmonton AB,NorthStar Carriers,0.047054728665635016,False
SHP-101063,Sudbury ON,PrairieLine,0.04671722407975096,False
SHP-100764,Toronto ON,NorthStar Carriers,0.046648438144598535,False
SHP-103109,Ottawa ON,NorthStar Carriers,0.04647196903750193,False
SHP-102581,Montreal QC,MapleFreight Fleet,0.046283729199649536,False
SHP-100960,Sudbury ON,MapleFreight Fleet,0.04600066523342605,False
SHP-103790,Ottawa ON,NorthStar Carriers,0.04591643976973884,False
SHP-105126,Regina SK,MapleFreight Fleet,0.045686683771954874,False
SHP-104355,Quebec City QC,MapleFreight Fleet,0.045371417635581855,False
SHP-101191,Sudbury ON,MapleFreight Fleet,0.04526810866112808,False
SHP-103333,Winnipeg MB,MapleFreight Fleet,0.04523786655037856,False
SHP-105893,Montreal QC,MapleFreight Fleet,0.04521668970618051,False
SHP-103455,Winnipeg MB,MapleFreight Fleet,0.04491508120746563,False
SHP-101802,Calgary AB,MapleFreight Fleet,0.04478291391918874,False
SHP-104094,Ottawa ON,MapleFreight Fleet,0.04468411958296505,False
SHP-100475,Regina SK,MapleFreight Fleet,0.04460172871998161,False
SHP-105713,Edmonton AB,PrairieLine,0.04448114818746258,False
SHP-100294,Regina SK,MapleFreight Fleet,0.04440311984021628,False
SHP-101272,Sudbury ON,MapleFreight Fleet,0.04432238842031624,False
SHP-100588,Ottawa ON,MapleFreight Fleet,0.04425185601928197,False
SHP-102752,Hamilton ON,MapleFreight Fleet,0.044175660608140876,False
SHP-100947,Edmonton AB,MapleFreight Fleet,0.04416413104952049,False
SHP-102375,Winnipeg MB,PrairieLine,0.04405656413142314,False
SHP-100142,Calgary AB,QuebecExpress,0.0439820794807227,False
SHP-102508,Hamilton ON,QuebecExpress,0.043840268118411456,False
SHP-100989,Edmonton AB,MapleFreight Fleet,0.04338210396652839,False
SHP-100942,Quebec City QC,MapleFreight Fleet,0.043085274632926183,False
SHP-103477,Montreal QC,MapleFreight Fleet,0.042904625231431126,False
SHP-105163,Winnipeg MB,MapleFreight Fleet,0.04285565600594654,False
SHP-104540,Ottawa ON,NorthStar Carriers,0.042321385804728384,False
SHP-103400,Toronto ON,MapleFreight Fleet,0.04198938719226782,False
SHP-100324,Regina SK,MapleFreight Fleet,0.04193775663532081,False
SHP-103122,Winnipeg MB,PrairieLine,0.04170089808437925,False
SHP-104140,Regina SK,MapleFreight Fleet,0.04102070428694504,False
SHP-102355,Toronto ON,MapleFreight Fleet,0.04061385531081979,False
SHP-103635,Calgary AB,PrairieLine,0.040592207676423187,False
SHP-105574,Sudbury ON,MapleFreight Fleet,0.04050176963105589,False
SHP-105881,Sudbury ON,MapleFreight Fleet,0.04031261042376772,False
SHP-104609,Sudbury ON,MapleFreight Fleet,0.04003532213961599,False
SHP-104210,Ottawa ON,MapleFreight Fleet,0.039888681794716704,False
SHP-105659,Edmonton AB,MapleFreight Fleet,0.039840499105508305,False
SHP-103727,Sudbury ON,MapleFreight Fleet,0.039812781556598974,False
SHP-105569,Sudbury ON,NorthStar Carriers,0.03975894063125653,False
SHP-104636,Sudbury ON,PrairieLine,0.03964502512989874,False
SHP-104533,Hamilton ON,QuebecExpress,0.039446743821653134,False
SHP-105538,Calgary AB,PrairieLine,0.039385240015893566,False
SHP-102251,Sudbury ON,NorthStar Carriers,0.039289773974740705,False
SHP-105453,Quebec City QC,Contract Owner-Op,0.03919007143382509,False
SHP-103836,Calgary AB,MapleFreight Fleet,0.039112189795112995,False
SHP-105026,Ottawa ON,MapleFreight Fleet,0.03910928288804188,False
SHP-103867,Quebec City QC,MapleFreight Fleet,0.039074062525337,False
SHP-105147,Calgary AB,MapleFreight Fleet,0.038970623898482264,False
SHP-101319,Sudbury ON,NorthStar Carriers,0.038704763376394315,False
SHP-101160,Toronto ON,NorthStar Carriers,0.037908018305621294,False
SHP-102009,Regina SK,PrairieLine,0.03765988170169937,False
SHP-102941,Edmonton AB,MapleFreight Fleet,0.037513420275805974,False
SHP-100309,Montreal QC,QuebecExpress,0.03745124810166008,False
SHP-105421,Quebec City QC,MapleFreight Fleet,0.03729545987552301,False
SHP-103895,Quebec City QC,MapleFreight Fleet,0.03713563488239537,False
SHP-104532,Winnipeg MB,NorthStar Carriers,0.03686762183398206,False
SHP-105212,Sudbury ON,QuebecExpress,0.03683493002676989,False
SHP-101339,Winnipeg MB,MapleFreight Fleet,0.03673426314755673,False
SHP-102662,Hamilton ON,MapleFreight Fleet,0.03615385626428968,False
SHP-104305,Hamilton ON,QuebecExpress,0.03590829176738656,False
SHP-103421,Quebec City QC,MapleFreight Fleet,0.035795796567437095,False
SHP-101060,Calgary AB,NorthStar Carriers,0.035780166242643796,False
SHP-101558,Edmonton AB,MapleFreight Fleet,0.035697188310971066,False
SHP-105689,Regina SK,MapleFreight Fleet,0.035354007650732204,False
SHP-103196,Montreal QC,Contract Owner-Op,0.03529355365599002,False
SHP-100101,Montreal QC,PrairieLine,0.035260890277996636,False
SHP-101905,Edmonton AB,MapleFreight Fleet,0.035245852604238966,False
SHP-101683,Quebec City QC,MapleFreight Fleet,0.03484698238031902,False
SHP-105973,Toronto ON,MapleFreight Fleet,0.034742722625442014,False
SHP-100703,Quebec City QC,MapleFreight Fleet,0.03473300076336841,False
SHP-105034,Ottawa ON,MapleFreight Fleet,0.03452451267846443,False
SHP-104897,Toronto ON,NorthStar Carriers,0.03439935053290097,False
SHP-100312,Quebec City QC,NorthStar Carriers,0.03437273770364082,False
SHP-101520,Calgary AB,NorthStar Carriers,0.03389904232728728,False
SHP-103663,Hamilton ON,NorthStar Carriers,0.03382109016544023,False
SHP-102413,Sudbury ON,NorthStar Carriers,0.033794664905589765,False
SHP-101312,Toronto ON,MapleFreight Fleet,0.03376550536510483,False
SHP-101174,Edmonton AB,MapleFreight Fleet,0.03367217200272931,False
SHP-105577,Regina SK,MapleFreight Fleet,0.03352038374925829,False
SHP-100581,Edmonton AB,MapleFreight Fleet,0.033026918134657544,False
SHP-100078,Montreal QC,MapleFreight Fleet,0.03276191532235108,False
SHP-103483,Toronto ON,PrairieLine,0.03266260007670585,False
SHP-101728,Montreal QC,NorthStar Carriers,0.03246607735765208,False
SHP-103721,Hamilton ON,NorthStar Carriers,0.03234112974776569,False
SHP-103476,Ottawa ON,MapleFreight Fleet,0.032144496646869296,False
SHP-100220,Toronto ON,MapleFreight Fleet,0.031720607140062446,False
SHP-100686,Quebec City QC,MapleFreight Fleet,0.03169174874452362,False
SHP-101264,Quebec City QC,MapleFreight Fleet,0.03146763025644528,False
SHP-100066,Winnipeg MB,MapleFreight Fleet,0.031146086164648645,False
SHP-101488,Edmonton AB,MapleFreight Fleet,0.031038232668174376,False
SHP-103457,Ottawa ON,QuebecExpress,0.030758252468195732,False
SHP-100573,Hamilton ON,QuebecExpress,0.030485207804594693,False
SHP-104557,Edmonton AB,MapleFreight Fleet,0.03038023091622156,False
SHP-102183,Regina SK,QuebecExpress,0.03003664346428996,False
SHP-100240,Ottawa ON,MapleFreight Fleet,0.030024696481140284,False
SHP-104114,Regina SK,QuebecExpress,0.029967639787250006,False
SHP-105261,Ottawa ON,QuebecExpress,0.029965449676800676,False
SHP-100181,Winnipeg MB,NorthStar Carriers,0.029871672147437734,False
SHP-104928,Quebec City QC,MapleFreight Fleet,0.029739372354701355,False
SHP-102873,Calgary AB,MapleFreight Fleet,0.029665909658330103,False
SHP-101877,Winnipeg MB,MapleFreight Fleet,0.029547869016966433,False
SHP-101873,Toronto ON,MapleFreight Fleet,0.029546312597103455,False
SHP-100910,Winnipeg MB,MapleFreight Fleet,0.029401990314513,False
SHP-105939,Winnipeg MB,QuebecExpress,0.029133248245194407,False
SHP-101256,Toronto ON,PrairieLine,0.029069215377678353,False
SHP-103111,Montreal QC,PrairieLine,0.028907641233679098,False
SHP-103604,Winnipeg MB,PrairieLine,0.028714555572394062,False
SHP-104843,Montreal QC,MapleFreight Fleet,0.028560038589417153,False
SHP-100713,Toronto ON,MapleFreight Fleet,0.028513833186757005,False
SHP-104617,Edmonton AB,MapleFreight Fleet,0.028390486035643456,False
SHP-104958,Hamilton ON,MapleFreight Fleet,0.02837577244545139,False
SHP-100242,Calgary AB,MapleFreight Fleet,0.027985169734932563,False
SHP-100750,Regina SK,NorthStar Carriers,0.02778705791401835,False
SHP-102529,Edmonton AB,NorthStar Carriers,0.027717863191441056,False
SHP-105895,Calgary AB,MapleFreight Fleet,0.0274962741541476,False
SHP-101477,Regina SK,MapleFreight Fleet,0.027372391580937,False
SHP-103217,Toronto ON,MapleFreight Fleet,0.027366642931906132,False
SHP-103105,Quebec City QC,MapleFreight Fleet,0.026344038871173297,False
SHP-105642,Toronto ON,MapleFreight Fleet,0.02605040806977695,False
SHP-100564,Montreal QC,MapleFreight Fleet,0.026042706418980155,False
SHP-104257,Hamilton ON,NorthStar Carriers,0.025853585194209352,False
SHP-102127,Quebec City QC,MapleFreight Fleet,0.025686594881872804,False
SHP-100816,Winnipeg MB,MapleFreight Fleet,0.025561422640059835,False
SHP-105839,Edmonton AB,NorthStar Carriers,0.02554852306022327,False
SHP-101977,Quebec City QC,NorthStar Carriers,0.02546780677692019,False
SHP-100270,Quebec City QC,MapleFreight Fleet,0.02528164590576215,False
SHP-105564,Ottawa ON,MapleFreight Fleet,0.02490930963549057,False
SHP-105434,Ottawa ON,QuebecExpress,0.024863874787671852,False
SHP-102297,Ottawa ON,QuebecExpress,0.0245634464383469,False
SHP-101881,Montreal QC,MapleFreight Fleet,0.02449832077208663,False
SHP-102998,Calgary AB,MapleFreight Fleet,0.024223309713089166,False
SHP-104528,Toronto ON,MapleFreight Fleet,0.023926032266591804,False
SHP-103878,Winnipeg MB,PrairieLine,0.023528899988452433,False
SHP-100638,Winnipeg MB,MapleFreight Fleet,0.02283265849561136,False
SHP-101628,Sudbury ON,QuebecExpress,0.02244102105999307,False
SHP-105779,Sudbury ON,MapleFreight Fleet,0.02241146569842688,False
SHP-103142,Montreal QC,MapleFreight Fleet,0.022358425884829957,False
SHP-101011,Regina SK,QuebecExpress,0.022322259284875814,False
SHP-100996,Montreal QC,MapleFreight Fleet,0.021904173820114003,False
SHP-104456,Regina SK,MapleFreight Fleet,0.02159393207615686,False
SHP-100657,Sudbury ON,MapleFreight Fleet,0.021342734289356926,False
SHP-104934,Quebec City QC,MapleFreight Fleet,0.02109343785617643,False
SHP-100214,Quebec City QC,MapleFreight Fleet,0.021023858610142342,False
SHP-101675,Quebec City QC,MapleFreight Fleet,0.02099613541495254,False
SHP-102420,Winnipeg MB,MapleFreight Fleet,0.020982036537425187,False
SHP-100382,Edmonton AB,MapleFreight Fleet,0.020814344840622733,False
SHP-101948,Toronto ON,MapleFreight Fleet,0.02036164032826954,False
SHP-101412,Ottawa ON,MapleFreight Fleet,0.02010144366863113,False
SHP-103633,Winnipeg MB,MapleFreight Fleet,0.019488634057294618,False
SHP-101759,Edmonton AB,MapleFreight Fleet,0.019082417442501363,False
SHP-104735,Calgary AB,PrairieLine,0.018991405194828226,False
SHP-104450,Ottawa ON,MapleFreight Fleet,0.018979433455037886,False
SHP-100529,Ottawa ON,MapleFreight Fleet,0.018956305766466824,False
SHP-101361,Hamilton ON,MapleFreight Fleet,0.01888734499301938,False
SHP-101659,Quebec City QC,MapleFreight Fleet,0.018561312347274716,False
SHP-101924,Hamilton ON,MapleFreight Fleet,0.018221475209086322,False
SHP-102846,Hamilton ON,MapleFreight Fleet,0.018138121004387293,False
SHP-105560,Montreal QC,MapleFreight Fleet,0.017551390806920454,False
SHP-100537,Winnipeg MB,MapleFreight Fleet,0.017442157145739132,False
SHP-104659,Hamilton ON,MapleFreight Fleet,0.01709467828796196,False
SHP-105000,Toronto ON,MapleFreight Fleet,0.016891344269447637,False
SHP-105503,Winnipeg MB,QuebecExpress,0.01681813263810615,False
SHP-104790,Ottawa ON,MapleFreight Fleet,0.01677202369509684,False
SHP-100070,Calgary AB,MapleFreight Fleet,0.0165682438724235,False
SHP-104698,Quebec City QC,MapleFreight Fleet,0.015936643566945363,False
SHP-103911,Hamilton ON,MapleFreight Fleet,0.015909190821298245,False
SHP-103466,Sudbury ON,MapleFreight Fleet,0.015727041027586187,False
SHP-100665,Sudbury ON,MapleFreight Fleet,0.015111925777444425,False
SHP-101132,Edmonton AB,MapleFreight Fleet,0.014914845671095573,False
SHP-103058,Sudbury ON,MapleFreight Fleet,0.014587382366664495,False
SHP-102990,Ottawa ON,PrairieLine,0.014307422201374364,False
SHP-101454,Toronto ON,MapleFreight Fleet,0.014185605982882536,False
SHP-105074,Sudbury ON,MapleFreight Fleet,0.014147719263017064,False
SHP-105527,Toronto ON,NorthStar Carriers,0.013604377979474037,False
SHP-100843,Ottawa ON,PrairieLine,0.01360248655934232,False
SHP-105457,Winnipeg MB,MapleFreight Fleet,0.013554781619864087,False
SHP-105888,Winnipeg MB,MapleFreight Fleet,0.013509562091449675,False
SHP-101117,Hamilton ON,MapleFreight Fleet,0.01337539847030469,False
SHP-103201,Regina SK,MapleFreight Fleet,0.01285844993951749,False
SHP-102434,Sudbury ON,MapleFreight Fleet,0.012551281930127348,False
SHP-105090,Sudbury ON,MapleFreight Fleet,0.012474342271089322,False
SHP-102753,Calgary AB,MapleFreight Fleet,0.012457484629001316,False
SHP-103154,Winnipeg MB,NorthStar Carriers,0.012311761471090421,False
SHP-102655,Ottawa ON,MapleFreight Fleet,0.01146223691126947,False
SHP-101403,Edmonton AB,PrairieLine,0.011076634994895281,False
SHP-100938,Toronto ON,MapleFreight Fleet,0.010968289590016922,False
SHP-105005,Toronto ON,MapleFreight Fleet,0.010965445050302997,False
SHP-102028,Regina SK,MapleFreight Fleet,0.010877128131650676,False
SHP-105693,Edmonton AB,MapleFreight Fleet,0.010413701547925048,False
SHP-105866,Hamilton ON,QuebecExpress,0.010208069556450369,False
SHP-104371,Edmonton AB,MapleFreight Fleet,0.009798857018756414,False
SHP-102947,Regina SK,MapleFreight Fleet,0.009746000572185129,False
SHP-100809,Sudbury ON,NorthStar Carriers,0.00954162743648194,False
SHP-102226,Hamilton ON,QuebecExpress,0.009503791169483763,False
SHP-105367,Quebec City QC,MapleFreight Fleet,0.009467519305524029,False
SHP-100504,Regina SK,MapleFreight Fleet,0.009426036160427293,False
SHP-105306,Hamilton ON,MapleFreight Fleet,0.008947928652915188,False
SHP-104946,Quebec City QC,MapleFreight Fleet,0.008735170912439633,False
SHP-104451,Edmonton AB,MapleFreight Fleet,0.008659697160005553,False
SHP-100314,Montreal QC,MapleFreight Fleet,0.008490045688039419,False
SHP-104878,Edmonton AB,QuebecExpress,0.008332968992716792,False
SHP-104064,Sudbury ON,MapleFreight Fleet,0.007375275839686867,False
SHP-103000,Quebec City QC,NorthStar Carriers,0.0069978779447412015,False
SHP-101637,Sudbury ON,MapleFreight Fleet,0.0068118087589291955,False
SHP-102591,Quebec City QC,MapleFreight Fleet,0.006229238851895166,False
SHP-101629,Montreal QC,MapleFreight Fleet,0.0061423432573650336,False
