feature,ap_decrease,std
weather_condition,0.10909283710061335,0.012316019852931293
distance_km,0.10474727712497908,0.011806498158899227
traffic_index,0.08043100337174065,0.008126131492734967
carrier,0.07853588146735621,0.013855356189278722
num_stops,0.0638252247737846,0.011392700105113798
pickup_delay_minutes,0.04003979057712899,0.007055131606013695
prior_late_deliveries_30d,0.028450482101047503,0.008957183015690671
service_level,0.025261123916181655,0.011123535876099794
route_congestion_score,0.023934366035113605,0.002708914534266898
driver_experience_years,0.023583685284429293,0.005321823264627589
is_cross_border,0.012846391300480361,0.004885690866234472
vehicle_age_years,0.008027644693454336,0.0021870835975094723
goods_type,0.00429206629586823,0.0033347481149125944
destination_city,0.0028495716811710453,0.003817127950096639
scheduled_transit_hours,0.001444553201095225,0.0026835623167469807
shipment_month,0.000811229327979765,0.001742973812423938
origin_city,0.0003947552841180174,0.001875483303674473
weight_kg,0.0003029991268599097,0.00029622837000161897
fuel_cost_cad,0.00010450293940322819,0.0019149921244106347
customer_priority_tier,-0.0008512970439658735,0.0003403509667168675
